"day","month","year","canton","muni","department","MUNID","military","victims","notes","reference","X","X.1","id"
NA,2,1982,"Belen","Santa Maria Cahabon","Alta Verapaz",261,"Y",15,"","Casos Presentados Anexo II Tomo VIII",NA,"","1-13"
NA,NA,1982,"Pinares","Santa Maria Cahabon","Alta Verapaz",261,"Y",104,"","Casos Presentados Anexo II Tomo VIII",NA,"","1-13"
NA,8,1982,"Chiacte","Santa Maria Cahabon","Alta Verapaz",261,"Y",14,"","Casos Presentados Anexo II Tomo VIII",NA,"","1-13"
NA,10,1983,"Chacach","Santa Maria Cahabon","Alta Verapaz",261,"Y",48,"","Casos Presentados Anexo II Tomo VIII",NA,"","1-13"
NA,NA,1982,"Marichach","Santa Maria Cahabon","Alta Verapaz",261,"Y",5,"One family","Casos Presentados Anexo II Tomo VIII",NA,"","1-13"
NA,NA,1982,"Tzunjoc","Santa Maria Cahabon","Alta Verapaz",261,"Mil and Pac",27,"","Casos Presentados Anexo II Tomo VIII",NA,"","1-13"
15,7,1982,"Marichaj","Santa Maria Cahabon","Alta Verapaz",261,"Y",26,"","Casos Presentados Anexo II Tomo VIII",NA,"","1-13"
27,8,1982,"Seguamo","Santa Maria Cahabon","Alta Verapaz",261,"Y",106,"","Casos Presentados Anexo II Tomo VIII",NA,"","1-13"
21,8,1982,"El Plan","Santa Maria Cahabon","Alta Verapaz",261,"Y",10,"","Casos Presentados Anexo II Tomo VIII",NA,"","1-13"
2,6,1982,"Chajgual","Santa Maria Cahabon","Alta Verapaz",261,"Y",12,"","Casos Presentados Anexo II Tomo VIII",NA,"","1-13"
NA,7,1982,"Chacah","Santa Maria Cahabon","Alta Verapaz",261,"Y",5,"","Casos Presentados Anexo II Tomo VIII",NA,"","1-13"
22,6,1983,"Sechaj","Santa Maria Cahabon","Alta Verapaz",261,"Y",7,"","Casos Presentados Anexo II Tomo VIII",NA,"","1-13"
20,9,1981,"Semuy","Chisec","Alta Verapaz",262,"Y",77,"","Casos Presentados Anexo II Tomo VIII",NA,"","1-2"
NA,NA,1982,"","Chisec","Alta Verapaz",262,"Y",10,"","Casos Presentados Anexo II Tomo VIII",NA,"","1-2"
20,8,1982,"Setzi","Chisec","Alta Verapaz",262,"Y",12,"","Casos Presentados Anexo II Tomo VIII",NA,"","1-2"
NA,4,1981,"Ruines","Chisec","Alta Verapaz",262,"Y",47,"","Casos Presentados Anexo II Tomo VIII",NA,"","1-2"
NA,6,1982,"San Antonio Cuevas","Chisec","Alta Verapaz",262,"Y",72,"","Casos Presentados Anexo II Tomo VIII",NA,"","1-2"
NA,1,1982,"","Chisec","Alta Verapaz",262,"Y",7,"","Casos Presentados Anexo II Tomo VIII",NA,"","1-2"
NA,8,1982,"","Chisec","Alta Verapaz",262,"Y",8,"","Casos Presentados Anexo II Tomo VIII",NA,"","1-2"
10,2,1982,"El Zapote","Chisec","Alta Verapaz",262,"Y",38,"","Casos Presentados Anexo II Tomo VIII",NA,"","1-2"
NA,12,1981,"San Jose Rio Negro","Coban","Alta Verapaz",250,"Y",12,"","Casos Presentados Anexo II Tomo VIII",NA,"","1-3"
25,3,1981,"Xalabe","Coban","Alta Verapaz",250,"Y",18,"","Casos Presentados Anexo II Tomo VIII",NA,"","1-3"
20,10,1982,"San Jose Rio Negro","Coban","Alta Verapaz",250,"Y",152,"","Casos Presentados Anexo II Tomo VIII",NA,"","1-3"
NA,5,1982,"Sacaal","Coban","Alta Verapaz",250,"Y",102,"","Casos Presentados Anexo II Tomo VIII",NA,"","1-3"
15,1,1981,"Chiquej","Coban","Alta Verapaz",250,"Y",10,"One family","Casos Presentados Anexo II Tomo VIII",NA,"","1-3"
NA,NA,1981,"Niblajacoc","Coban","Alta Verapaz",250,"Y",7,"","Casos Presentados Anexo II Tomo VIII",NA,"","1-3"
NA,1,1981,"Chama","Coban","Alta Verapaz",250,"Y",27,"","Casos Presentados Anexo II Tomo VIII",NA,"","1-3"
NA,NA,1981,"Setolox","Coban","Alta Verapaz",250,"Y",5,"","Casos Presentados Anexo II Tomo VIII",NA,"","1-3"
16,1,1981,"Salquil","Coban","Alta Verapaz",250,"Y",177,"","Casos Presentados Anexo II Tomo VIII",NA,"","1-3"
NA,6,1982,"Sanimataqa","Coban","Alta Verapaz",250,"Y",34,"","Casos Presentados Anexo II Tomo VIII",NA,"","1-3"
14,3,1983,"Santa Rita","Coban","Alta Verapaz",250,"Mil and Pac",30,"","Casos Presentados Anexo II Tomo VIII",NA,"","1-3"
15,9,1981,"Tompec","Coban","Alta Verapaz",250,"Y",55,"","Casos Presentados Anexo II Tomo VIII",NA,"","1-3"
NA,3,1983,"Pombac","Panzos","Alta Verapaz",256,"Y",6,"","Casos Presentados Anexo II Tomo VIII",NA,"","1-7"
18,8,1982,"Concepcion","Panzos","Alta Verapaz",256,"Y",5,"","Casos Presentados Anexo II Tomo VIII",NA,"","1-7"
14,3,1982,"Las Pacayas","San Cristobal Verapaz","Alta Verapaz",252,"Y",5,"","Casos Presentados Anexo II Tomo VIII",NA,"","1-9"
NA,NA,NA,"Las Pacayas","San Cristobal Verapaz","Alta Verapaz",252,"Y",25,"","Casos Presentados Anexo II Tomo VIII",NA,"","1-9"
NA,NA,1982,"Najtilaguaj","San Cristobal Verapaz","Alta Verapaz",252,"Y",17,"","Casos Presentados Anexo II Tomo VIII",NA,"","1-9"
NA,3,1982,"Najtilaguaj","San Cristobal Verapaz","Alta Verapaz",252,"Y",6,"","Casos Presentados Anexo II Tomo VIII",NA,"","1-9"
20,1,1982,"","San Cristobal Verapaz","Alta Verapaz",252,"Y",19,"","Casos Presentados Anexo II Tomo VIII",NA,"","1-9"
NA,2,1982,"Najtilaguaj","San Cristobal Verapaz","Alta Verapaz",252,"Y",7,"","Casos Presentados Anexo II Tomo VIII",NA,"","1-9"
NA,NA,1980,"Sansavela","San Cristobal Verapaz","Alta Verapaz",252,"Y",6,"","Casos Presentados Anexo II Tomo VIII",NA,"","1-9"
NA,11,1981,"Chirrexquiche","San Cristobal Verapaz","Alta Verapaz",252,"Y",6,"","Casos Presentados Anexo II Tomo VIII",NA,"","1-9"
2,6,1982,"Pambach","Santa Cruz Verapaz","Alta Verapaz",251,"Y",65,"","Casos Presentados Anexo II Tomo VIII",NA,"","1-12"
NA,4,1982,"Semococh","Senahu","Alta Verapaz",257,"Y",10,"","Casos Presentados Anexo II Tomo VIII",NA,"","1-14"
25,8,1982,"Canguacha","Senahu","Alta Verapaz",257,"Y",23,"","Casos Presentados Anexo II Tomo VIII",NA,"","1-14"
NA,9,1981,"Yalijux","Senahu","Alta Verapaz",257,"Y",7,"","Casos Presentados Anexo II Tomo VIII",NA,"","1-14"
NA,4,1982,"Las Margaritas","Senahu","Alta Verapaz",257,"Y",15,"","Casos Presentados Anexo II Tomo VIII",NA,"","1-14"
20,9,1980,"Panacal","Rabinal","Baja Verapaz",244,"Y",21,"","Casos Presentados Anexo II Tomo VIII",NA,"","2-4"
13,9,1982,"Agua Fria","Rabinal","Baja Verapaz",244,"Mil and Pac",109,"","Casos Presentados Anexo II Tomo VIII",NA,"","2-4"
4,12,1981,"Panacal","Rabinal","Baja Verapaz",244,"Y",51,"","Casos Presentados Anexo II Tomo VIII",NA,"","2-4"
11,11,1981,"Vegas Santa Domingo","Rabinal","Baja Verapaz",244,"Y",30,"","Casos Presentados Anexo II Tomo VIII",NA,"","2-4"
NA,8,1981,"Chuataug","Rabinal","Baja Verapaz",244,"Mil and Pac",25,"","Casos Presentados Anexo II Tomo VIII",NA,"","2-4"
26,11,1982,"Xeabaj","Rabinal","Baja Verapaz",244,"Y",9,"","Casos Presentados Anexo II Tomo VIII",NA,"","2-4"
NA,12,1981,"Coxojbaj","Rabinal","Baja Verapaz",244,"Y",5,"","Casos Presentados Anexo II Tomo VIII",NA,"","2-4"
7,1,1982,"Xococ","Rabinal","Baja Verapaz",244,"Y",6,"","Casos Presentados Anexo II Tomo VIII",NA,"","2-4"
2,1,1982,"","Rabinal","Baja Verapaz",244,"Y",18,"","Casos Presentados Anexo II Tomo VIII",NA,"","2-4"
4,1,1982,"","Rabinal","Baja Verapaz",244,"Mil and Pac",7,"","Casos Presentados Anexo II Tomo VIII",NA,"","2-4"
15,9,1980,"Rabinal","Rabinal","Baja Verapaz",244,"Y",206,"","Casos Presentados Anexo II Tomo VIII",NA,"","2-4"
8,1,1982,"Chichupaj","Rabinal","Baja Verapaz",244,"Y",32,"","Casos Presentados Anexo II Tomo VIII",NA,"","2-4"
14,9,1980,"Pichec","Rabinal","Baja Verapaz",244,"Y",100,"","Casos Presentados Anexo II Tomo VIII",NA,"","2-4"
1,1,1982,"Pichec","Rabinal","Baja Verapaz",244,"Y",31,"","Casos Presentados Anexo II Tomo VIII",NA,"","2-4"
NA,12,1981,"Rabinal","Rabinal","Baja Verapaz",244,"Y",10,"","Casos Presentados Anexo II Tomo VIII",NA,"","2-4"
18,7,1982,"Plan de Sanchez","Rabinal","Baja Verapaz",244,"Y",226,"","Casos Presentados Anexo II Tomo VIII",NA,"","2-4"
14,5,1982,"Los Encuentros","Rabinal","Baja Verapaz",244,"Y",94,"","Casos Presentados Anexo II Tomo VIII",NA,"","2-4"
17,3,1981,"","Rabinal","Baja Verapaz",244,"Y",30,"","Casos Presentados Anexo II Tomo VIII",NA,"","2-4"
7,9,1981,"Tempisque","Salama","Baja Verapaz",242,"Y",6,"","Casos Presentados Anexo II Tomo VIII",NA,"","2-5"
25,10,1982,"Xococ","Rabinal","Baja Verapaz",244,"Y",40,"","Casos Presentados Anexo II Tomo VIII",NA,"","2-4"
22,2,1981,"Labor de Falla","Chimaltenango","Chimaltenango",41,"Y",6,"CEH codes as occuring in Guate city, since they were taken from Chimal to Guate, and killed there","Casos Presentados Anexo II Tomo VIII",NA,"","3-2"
10,1,1982,"Patzaj","San Juan Comalapa","Chimaltenango",44,"Y",36,"","Casos Presentados Anexo II Tomo VIII",NA,"","3-10"
NA,9,1981,"Xiquin Sanai","San Juan Comalapa","Chimaltenango",44,"Y",60,"","Casos Presentados Anexo II Tomo VIII",NA,"","3-10"
28,11,1981,"Patzaj","San Juan Comalapa","Chimaltenango",44,"Y",14,"","Casos Presentados Anexo II Tomo VIII",NA,"","3-10"
19,3,1981,"Paxan","San Juan Comalapa","Chimaltenango",44,"Y",13,"","Casos Presentados Anexo II Tomo VIII",NA,"","3-10"
NA,NA,1983,"Xeatzan","Patzun","Chimaltenango",47,"Y",13,"","Casos Presentados Anexo II Tomo VIII",NA,"","3-6"
4,1,1982,"","San Andres Itzapa","Chimaltenango",53,"Y",12,"","Casos Presentados Anexo II Tomo VIII",NA,"","3-8"
15,1,1982,"Cajagualtan","San Andres Itzapa","Chimaltenango",53,"Y",NA,"","Casos Presentados Anexo II Tomo VIII",NA,"","3-8"
19,3,1981,"Palama","San Jose Poaquil","Chimaltenango",42,"Y",9,"","Casos Presentados Anexo II Tomo VIII",NA,"","3-9"
NA,1,1982,"San Jose Poaquil","San Jose Poaquil","Chimaltenango",42,"Y",150,"","Casos Presentados Anexo II Tomo VIII",NA,"","3-9"
2,2,1982,"Patio Balas","San Jose Poaquil","Chimaltenango",42,"Y",9,"","Casos Presentados Anexo II Tomo VIII",NA,"","3-9"
17,2,1982,"Hacienda Vieja","San Jose Poaquil","Chimaltenango",42,"Y",23,"","Casos Presentados Anexo II Tomo VIII",NA,"","3-9"
21,4,1982,"Parupajal Kak","San Jose Poaquil","Chimaltenango",42,"Y",45,"","Casos Presentados Anexo II Tomo VIII",NA,"","3-9"
19,2,1981,"Paley","San Jose Poaquil","Chimaltenango",42,"Y",17,"","Casos Presentados Anexo II Tomo VIII",NA,"","3-9"
NA,8,1981,"Palay","San Jose Poaquil","Chimaltenango",42,"Y",16,"","Casos Presentados Anexo II Tomo VIII",NA,"","3-9"
20,11,1981,"Pachay","San Martin Jilotepeque","Chimaltenango",43,"Y",10,"","Casos Presentados Anexo II Tomo VIII",NA,"","3-11"
28,11,1981,"Sacala","San Martin Jilotepeque","Chimaltenango",43,"Y",13,"","Casos Presentados Anexo II Tomo VIII",NA,"","3-11"
25,10,1982,"Semetabaj","San Martin Jilotepeque","Chimaltenango",43,"Y",20,"","Casos Presentados Anexo II Tomo VIII",NA,"","3-11"
NA,2,1982,"Chipila","San Martin Jilotepeque","Chimaltenango",43,"Y",6,"","Casos Presentados Anexo II Tomo VIII",NA,"","3-11"
4,2,1980,"Sacala","San Martin Jilotepeque","Chimaltenango",43,"Y",27,"","Casos Presentados Anexo II Tomo VIII",NA,"","3-11"
24,5,1982,"Pachay","San Martin Jilotepeque","Chimaltenango",43,"Y",6,"One family","Casos Presentados Anexo II Tomo VIII",NA,"","3-11"
13,10,1982,"Santa Anita Canoas","San Martin Jilotepeque","Chimaltenango",43,"Y",113,"","Casos Presentados Anexo II Tomo VIII",NA,"","3-11"
20,4,1982,"La Plazuela","San Martin Jilotepeque","Chimaltenango",43,"Y",6,"","Casos Presentados Anexo II Tomo VIII",NA,"","3-11"
12,9,1980,"Pachay","San Martin Jilotepeque","Chimaltenango",43,"Y",10,"","Casos Presentados Anexo II Tomo VIII",NA,"","3-11"
18,8,1982,"Santa Anita Canoas","San Martin Jilotepeque","Chimaltenango",43,"Y",18,"","Casos Presentados Anexo II Tomo VIII",NA,"","3-11"
3,2,1982,"Pacoj","San Martin Jilotepeque","Chimaltenango",43,"Y",5,"","Casos Presentados Anexo II Tomo VIII",NA,"","3-11"
22,9,1982,"Chipastor","San Martin Jilotepeque","Chimaltenango",43,"Y",5,"","Casos Presentados Anexo II Tomo VIII",NA,"","3-11"
NA,NA,1982,"Hacienda Vieja","San Martin Jilotepeque","Chimaltenango",43,"Y",62,"","Casos Presentados Anexo II Tomo VIII",NA,"","3-11"
NA,2,1982,"Semetabaj","San Martin Jilotepeque","Chimaltenango",43,"Y",10,"","Casos Presentados Anexo II Tomo VIII",NA,"","3-11"
26,9,1982,"San Jose Las Rosas","San Martin Jilotepeque","Chimaltenango",43,"Y",100,"","Casos Presentados Anexo II Tomo VIII",NA,"","3-11"
NA,2,1981,"Sacala","San Martin Jilotepeque","Chimaltenango",43,"Y",104,"","Casos Presentados Anexo II Tomo VIII",NA,"","3-11"
10,9,1981,"Pachay","San Martin Jilotepeque","Chimaltenango",43,"Y",12,"","Casos Presentados Anexo II Tomo VIII",NA,"","3-11"
8,12,1980,"La Estancia","San Martin Jilotepeque","Chimaltenango",43,"Y",5,"","Casos Presentados Anexo II Tomo VIII",NA,"","3-11"
NA,8,1982,"Panatzan","San Martin Jilotepeque","Chimaltenango",43,"Y",5,"One family","Casos Presentados Anexo II Tomo VIII",NA,"","3-11"
1,8,1982,"La Plazuela","San Martin Jilotepeque","Chimaltenango",43,"Y",33,"","Casos Presentados Anexo II Tomo VIII",NA,"","3-11"
15,2,1982,"Choatalum","San Martin Jilotepeque","Chimaltenango",43,"Y",8,"","Casos Presentados Anexo II Tomo VIII",NA,"","3-11"
3,2,1982,"Quimal","San Martin Jilotepeque","Chimaltenango",43,"Y",13,"","Casos Presentados Anexo II Tomo VIII",NA,"","3-11"
19,8,1982,"Magueyes","San Martin Jilotepeque","Chimaltenango",43,"Y",168,"","Casos Presentados Anexo II Tomo VIII",NA,"","3-11"
12,2,1982,"Estancia de la Virgin","San Martin Jilotepeque","Chimaltenango",43,"Y",21,"","Casos Presentados Anexo II Tomo VIII",NA,"","3-11"
4,2,1980,"Sacala","San Martin Jilotepeque","Chimaltenango",43,"Y",13,"","Casos Presentados Anexo II Tomo VIII",NA,"","3-11"
1,8,1982,"Santa Teresa","San Martin Jilotepeque","Chimaltenango",43,"Y",30,"","Casos Presentados Anexo II Tomo VIII",NA,"","3-11"
4,3,1982,"Santa Teresa","San Martin Jilotepeque","Chimaltenango",43,"Y",7,"","Casos Presentados Anexo II Tomo VIII",NA,"","3-11"
NA,9,1981,"San Miguel","San Martin Jilotepeque","Chimaltenango",43,"Y",8,"","Casos Presentados Anexo II Tomo VIII",NA,"","3-11"
NA,2,1982,"Semetabaj","San Martin Jilotepeque","Chimaltenango",43,"Y",9,"","Casos Presentados Anexo II Tomo VIII",NA,"","3-11"
19,2,1982,"Choatalum","San Martin Jilotepeque","Chimaltenango",43,"Y",7,"","Casos Presentados Anexo II Tomo VIII",NA,"","3-11"
20,3,1980,"Pachay","San Martin Jilotepeque","Chimaltenango",43,"Y",15,"","Casos Presentados Anexo II Tomo VIII",NA,"","3-11"
16,11,1981,"Chigonzalez","San Martin Jilotepeque","Chimaltenango",43,"Y",5,"","Casos Presentados Anexo II Tomo VIII",NA,"","3-11"
12,2,1982,"Pacoj","San Martin Jilotepeque","Chimaltenango",43,"Y",61,"","Casos Presentados Anexo II Tomo VIII",NA,"","3-11"
12,9,1982,"Xecocal","Tecpan","Chimaltenango",46,"Y",10,"","Casos Presentados Anexo II Tomo VIII",NA,"","3-14"
4,12,1981,"Paquib","Tecpan","Chimaltenango",46,"Y",5,"","Casos Presentados Anexo II Tomo VIII",NA,"","3-14"
6,1,1982,"Xepac","Tecpan","Chimaltenango",46,"Y",5,"","Casos Presentados Anexo II Tomo VIII",NA,"","3-14"
NA,10,1983,"Pachali","Tecpan","Chimaltenango",46,"Y",11,"","Casos Presentados Anexo II Tomo VIII",NA,"","3-14"
29,9,1982,"Xepac","Tecpan","Chimaltenango",46,"Y",6,"","Casos Presentados Anexo II Tomo VIII",NA,"","3-14"
9,12,1981,"Xepac","Tecpan","Chimaltenango",46,"Y",5,"","Casos Presentados Anexo II Tomo VIII",NA,"","3-14"
NA,NA,1983,"El Quebracho","Camotan","Chiquimula",295,"Y",5,"","Casos Presentados Anexo II Tomo VIII",NA,"","4-1"
22,9,1982,"San Miguel","Chiquimula","Chiquimula",291,"Y",14,"","Casos Presentados Anexo II Tomo VIII",NA,"","4-2"
22,8,1983,"Buena Vista","Santa Lucia Cotzumalguapa","Escuintla",58,"Mil and Pac",8,"One family","Casos Presentados Anexo II Tomo VIII",NA,"","6-11"
4,6,1982,"","Ciudad de Guatemala","Guatemala",326,"Y",15,"","Casos Presentados Anexo II Tomo VIII",NA,"","7-4"
17,7,1982,"Las Majadas","Aguacatan","Huehuetenango",219,"Y",18,"","Casos Presentados Anexo II Tomo X",NA,"Coded as Aguacatan, Because that’s where the victims were taken from.  They were killed in Santa Cruz Quiche","8-1"
28,6,1982,"Llano Cayote","Aguacatan","Huehuetenango",219,"Y",15,"","Casos Presentados Anexo II Tomo IX",NA,"","8-1"
18,2,1982,"Llano Cayote","Aguacatan","Huehuetenango",219,"Y",14,"","Casos Presentados Anexo II Tomo IX",NA,"","8-1"
28,4,1982,"Las Majadas","Aguacatan","Huehuetenango",219,"Y",191,"","Casos Presentados Anexo II Tomo IX",NA,"","8-1"
28,7,1982,"Tacana","Aguacatan","Huehuetenango",219,"Y",7,"","Casos Presentados Anexo II Tomo IX",NA,"","8-1"
3,2,1982,"Rio Blanco","Aguacatan","Huehuetenango",219,"Y",77,"","Casos Presentados Anexo II Tomo IX",NA,"","8-1"
16,3,1982,"Pajul Chex","Aguacatan","Huehuetenango",219,"Y",61,"","Casos Presentados Anexo II Tomo IX",NA,"","8-1"
9,7,1981,"Balli","Santa Cruz Barillas","Huehuetenango",218,"Y",20,"","Casos Presentados Anexo II Tomo IX",1,"","8-28"
28,6,1982,"Balli","Santa Cruz Barillas","Huehuetenango",218,"Y",19,"","Casos Presentados Anexo II Tomo IX",NA,"","8-28"
12,2,1981,"El Quetzal","Santa Cruz Barillas","Huehuetenango",218,"Y",68,"","Casos Presentados Anexo II Tomo IX",NA,"","8-28"
7,7,1982,"Puerte Alto","Santa Cruz Barillas","Huehuetenango",218,"Y",353,"","Casos Presentados Anexo II Tomo IX",NA,"","8-28"
NA,6,1982,"Naci","Santa Cruz Barillas","Huehuetenango",218,"Y",167,"","Casos Presentados Anexo II Tomo IX",NA,"","8-28"
20,2,1981,"Xelac","Santa Cruz Barillas","Huehuetenango",218,"Y",17,"","Casos Presentados Anexo II Tomo IX",NA,"","8-28"
28,6,1982,"Quiquil","Santa Cruz Barillas","Huehuetenango",218,"Y",67,"","Casos Presentados Anexo II Tomo IX",NA,"Coded 1982, Says 1981/1982","8-28"
NA,6,1982,"Ical","Colotenango","Huehuetenango",211,"Y",237,"","Casos Presentados Anexo II Tomo IX",NA,"","8-3"
11,3,1982,"Lopex Ical","Colotenango","Huehuetenango",211,"Y",39,"","Casos Presentados Anexo II Tomo IX",NA,"","8-3"
15,12,1982,"Andrea El Cajon","Cuilco","Huehuetenango",196,"Y",33,"","Casos Presentados Anexo II Tomo IX",NA,"","8-5"
14,8,1982,"El Cajon","Cuilco","Huehuetenango",196,"Y",28,"","Casos Presentados Anexo II Tomo IX",NA,"","8-5"
11,9,1982,"El Cajon","Cuilco","Huehuetenango",196,"Y",10,"","Casos Presentados Anexo II Tomo IX",NA,"","8-5"
15,10,1982,"El Cajon","Cuilco","Huehuetenango",196,"Y",16,"","Casos Presentados Anexo II Tomo IX",NA,"","8-5"
NA,1,1982,"Chanchiquia","San Ildefonso Ixtahuacan","Huehuetenango",201,"Y",30," ","Casos Presentados Anexo II Tomo IX",NA,"1 case in CEH, 'entre inero y febrero'","8-15"
NA,2,1982,"Chanchiquia","San Ildefonso Ixtahuacan","Huehuetenango",201,"Y",30," ","Casos Presentados Anexo II Tomo IX",NA,"","8-15"
NA,NA,1982,"Acal","San Ildefonso Ixtahuacan","Huehuetenango",201,"Y",5,"","Casos Presentados Anexo II Tomo IX",NA,"","8-15"
25,10,1982,"Grenadillo","San Ildefonso Ixtahuacan","Huehuetenango",201,"Y",15,"","Casos Presentados Anexo II Tomo IX",NA,"","8-15"
NA,9,1982,"Xacatital","San Ildefonso Ixtahuacan","Huehuetenango",201,"Y",6,"","Casos Presentados Anexo II Tomo IX",NA,"Coded 1982, Says 1982/1985","8-15"
3,1,1982,"La Laguna","Jacaltenango","Huehuetenango",199,"Y",7,"","Casos Presentados Anexo II Tomo IX",NA,"","8-7"
NA,6,1981,"Coyl de Santa Miguel","Jacaltenango","Huehuetenango",199,"Y",NA,"","Casos Presentados Anexo II Tomo IX",NA,"","8-7"
8,1,1982,"Nueva Catarina","Jacaltenango","Huehuetenango",199,"Y",10,"","Casos Presentados Anexo II Tomo IX",NA,"","8-7"
6,1,1982,"El Limouzar","Jacaltenango","Huehuetenango",199,"Y",25,"","Casos Presentados Anexo II Tomo IX",NA,"","8-7"
8,3,1982,"K'oso","Jacaltenango","Huehuetenango",199,"Y",22,"","Casos Presentados Anexo II Tomo IX",2,"","8-7"
15,8,1982,"Los Petrosas","La Democracia","Huehuetenango",204,"Y",11,"","Casos Presentados Anexo II Tomo IX",NA,"","8-8"
3,2,1981,"La Menilla","La Democracia","Huehuetenango",204,"Y",17,"","Casos Presentados Anexo II Tomo IX",NA,"","8-8"
8,5,1981,"Chamunk","La Democracia","Huehuetenango",204,"Y",23,"","Casos Presentados Anexo II Tomo IX",NA,"","8-8"
4,12,1982,"Guacamaya","La Democracia","Huehuetenango",204,"Y",5,"","Casos Presentados Anexo II Tomo IX",NA,"","8-8"
14,8,1982,"Chichiabaj","La Democracia","Huehuetenango",204,"Y",12,"","Casos Presentados Anexo II Tomo IX",NA,"","8-8"
NA,7,1983,"Santa Teresa","Nenton","Huehuetenango",197,"Y",20,"","Casos Presentados Anexo II Tomo IX",1,"","8-11"
17,2,1981,"Campamento Samalay","Nenton","Huehuetenango",197,"Y",7,"","Casos Presentados Anexo II Tomo IX",NA,"","8-11"
18,7,1982,"Yalemboloch","Nenton","Huehuetenango",197,"Y",57,"","Casos Presentados Anexo II Tomo IX",NA,"","8-11"
NA,NA,1982,"","Nenton","Huehuetenango",197,"Y",14,"","Casos Presentados Anexo II Tomo IX",NA,"","8-11"
19,7,1982,"Yalroya","Nenton","Huehuetenango",197,"Y",31,"","Casos Presentados Anexo II Tomo IX",NA,"","8-11"
NA,6,1982,"Jion Triali","Nenton","Huehuetenango",197,"Y",25,"","Casos Presentados Anexo II Tomo IX",NA,"","8-11"
15,7,1980,"Salamay","Nenton","Huehuetenango",197,"Y",11,"","Casos Presentados Anexo II Tomo IX",NA,"","8-11"
8,6,1981,"Capanano Similay","Nenton","Huehuetenango",197,"Y",32,"","Casos Presentados Anexo II Tomo IX",NA,"","8-11"
NA,11,1980,"Chacula","Nenton","Huehuetenango",197,"Y",5,"","Casos Presentados Anexo II Tomo IX",NA,"","8-11"
25,5,1982,"Coyagual","San Antonio Huista","Huehuetenango",216,"Y",9,"","Casos Presentados Anexo II Tomo IX",NA,"","8-13"
15,2,1981,"El tablon","San Antonio Huista","Huehuetenango",216,"Y",7,"","Casos Presentados Anexo II Tomo IX",NA,"","8-13"
NA,NA,1981,"Papul de Acutel","San Ildefonso Ixtahuacan","Huehuetenango",201,"Y",20,"","Casos Presentados Anexo II Tomo IX",NA,"","8-15"
NA,NA,1980,"La Cubre Papal","San Ildefonso Ixtahuacan","Huehuetenango",201,"Y",19,"","Casos Presentados Anexo II Tomo IX",NA,"","8-15"
12,7,1982,"Cabeb","San Mateo Ixtatan","Huehuetenango",210,"Y",54,"","Casos Presentados Anexo II Tomo IX",1,"","8-18"
31,5,1981,"","San Mateo Ixtatan","Huehuetenango",210,"Y",55,"","Casos Presentados Anexo II Tomo IX",1,"","8-18"
15,7,1982,"Balej","San Mateo Ixtatan","Huehuetenango",210,"Y",5,"","Casos Presentados Anexo II Tomo IX",NA,"","8-18"
12,9,1982,"","San Mateo Ixtatan","Huehuetenango",210,"Y",6,"","Casos Presentados Anexo II Tomo IX",2,"","8-18"
21,7,1982,"Balej","San Mateo Ixtatan","Huehuetenango",210,"Y",7,"","Casos Presentados Anexo II Tomo IX",NA,"","8-18"
15,7,1982,"","San Mateo Ixtatan","Huehuetenango",210,"Y",83,"","Casos Presentados Anexo II Tomo IX",NA,"","8-18"
16,6,1982,"Xeguel","San Mateo Ixtatan","Huehuetenango",210,"Y",NA,"","Casos Presentados Anexo II Tomo IX",2,"","8-18"
22,6,1982,"El Poblado","San Mateo Ixtatan","Huehuetenango",210,"Y",20,"","Casos Presentados Anexo II Tomo IX",NA,"","8-18"
NA,12,1982,"Barillian","San Mateo Ixtatan","Huehuetenango",210,"Y",54,"","Casos Presentados Anexo II Tomo IX",2,"","8-18"
13,7,1982,"Yoculac","San Mateo Ixtatan","Huehuetenango",210,"Y",13,"","Casos Presentados Anexo II Tomo IX",NA,"","8-18"
NA,8,1982,"Yaca","San Mateo Ixtatan","Huehuetenango",210,"Y",6,"","Casos Presentados Anexo II Tomo IX",NA,"","8-18"
25,7,1982,"","San Miguel Acatan","Huehuetenango",205,"Y",7,"","Casos Presentados Anexo II Tomo IX",NA,"","8-19"
4,8,1982,"Chimbian","San Miguel Acatan","Huehuetenango",205,"Y",56,"","Casos Presentados Anexo II Tomo IX",NA,"","8-19"
NA,NA,1980,"Xocol","San Miguel Acatan","Huehuetenango",205,"Y",10,"","Casos Presentados Anexo II Tomo IX",NA,"","8-19"
2,8,1982,"Ixmil","San Pedro Necta","Huehuetenango",198,"Y",14,"","Casos Presentados Anexo II Tomo IX",NA,"","8-20"
NA,10,1982,"Lajcholaj","San Rafael La Independencia","Huehuetenango",206,"Y",56,"","Casos Presentados Anexo II Tomo IX",1,"","8-22"
30,8,1981,"Ixcanac","San Rafael La Independencia","Huehuetenango",206,"Y",5,"","Casos Presentados Anexo II Tomo IX",NA,"","8-22"
10,1,1982,"Agua Escondida","Santa Ana Huista","Huehuetenango",223,"Y",13,"","Casos Presentados Anexo II Tomo IX",1,"","8-26"
10,5,1982,"Agua Escondida","Santa Ana Huista","Huehuetenango",223,"Y",14,"","Casos Presentados Anexo II Tomo IX",2,"","8-26"
NA,NA,1982,"","Santa Ana Huista","Huehuetenango",223,"Y",8,"","Casos Presentados Anexo II Tomo IX",NA,"","8-26"
NA,NA,1980,"Aldea Buena vista","Santa Ana Huista","Huehuetenango",223,"Y",10,"","Casos Presentados Anexo II Tomo IX",NA,"","8-26"
14,1,1981,"","Santa Ana Huista","Huehuetenango",223,"Y",14,"","Casos Presentados Anexo II Tomo IX",NA,"","8-26"
NA,NA,1982,"Bara Vista","Santa Ana Huista","Huehuetenango",223,"Y",10,"","Casos Presentados Anexo II Tomo IX",2,"","8-26"
10,2,1982,"Cruz Quamala","Santa Barbara","Huehuetenango",202,"Mil and Pac",11,"","Casos Presentados Anexo II Tomo IX",NA,"","8-27"
NA,9,1983,"","Santa Eulalia","Huehuetenango",209,"Y",6,"","Casos Presentados Anexo II Tomo IX",1,"","8-29"
13,3,1982,"Molona","Santa Eulalia","Huehuetenango",209,"Y",6,"","Casos Presentados Anexo II Tomo IX",NA,"","8-29"
15,3,1982,"","Todos Santos Cuchumatan","Huehuetenango",207,"Y",NA,"","Casos Presentados Anexo II Tomo IX",NA,"","8-32"
23,3,1982,"El Rancho","Todos Santos Cuchumatan","Huehuetenango",207,"Y",18,"","Casos Presentados Anexo II Tomo IX",NA,"","8-32"
17,7,1982,"La Majadas","Aguacatan","Huehuetenango",219,"Y",18,"One family","Casos Presentados Anexo II Tomo X",2,"","8-1"
10,8,1983,"","El Estor","Izabal",278,"Y",7,"One family","Casos Presentados Anexo II Tomo IX",NA,"","9-1"
NA,NA,1985,"Las Flores","Dolores","Peten",271,"Y",7,"","Casos Presentados Anexo II Tomo IX",NA,"","12-1"
NA,NA,1981,"Pumpal","Dolores","Peten",271,"Y",20,"","Casos Presentados Anexo II Tomo IX",NA,"","12-1"
10,3,1982,"Los Angeles","Dolores","Peten",271,"Y",23,"","Casos Presentados Anexo II Tomo IX",NA,"","12-1"
30,4,1981,"Tres Aguas","Flores","Peten",264,"Y",20,"","Casos Presentados Anexo II Tomo IX",NA,"","12-3"
27,12,1982,"La Technica","La Libertad","Peten",268,"Y",6,"","Casos Presentados Anexo II Tomo IX",NA,"","12-4"
29,4,1982,"Los Josephenes","La Libertad","Peten",268,"Y",25,"","Casos Presentados Anexo II Tomo IX",NA,"","12-4"
23,12,1982,"Buena Fe","La Libertad","Peten",268,"Y",NA,"","Casos Presentados Anexo II Tomo IX",NA,"","12-4"
NA,NA,1980,"","La Libertad","Peten",268,"Y",5,"","Casos Presentados Anexo II Tomo IX",NA,"","12-4"
NA,4,1982,"Palencia","La Libertad","Peten",268,"Y",13,"","Casos Presentados Anexo II Tomo IX",NA,"","12-4"
17,6,1981,"La Bohema","La Libertad","Peten",268,"Y",NA,"","Casos Presentados Anexo II Tomo IX",NA,"","12-4"
1,1,1981,"Palmira","Colomba Costa Cuca","Quetzaltenango",126,"Y",21,"","Casos Presentados Anexo II Tomo IX",NA,"","13-6"
30,8,1984,"","Concepcion Chiquirichapa","Quetzaltenango",120,"Y",13,"","Casos Presentados Anexo II Tomo IX",NA,"","13-7"
17,11,1980,"Los Alamos","San Juan Ostuncalco","Quetzaltenango",118,"Y",12,"","Casos Presentados Anexo II Tomo IX",NA,"","13-19"
30,8,1984,"","San Martin Sacatepequez","Quetzaltenango",121,"Y",13,"","Casos Presentados Anexo II Tomo IX",NA,"","13-20"
NA,NA,1982,"Tibuj","Tajumulco","San Marcos",172,"Y",44,"","Casos Presentados Anexo II Tomo IX",NA,"","17-29"
NA,NA,1981,"Sajquim","Canilla","Quiche",241,"Y",6,"","Casos Presentados Anexo II Tomo X",NA,"","14-1"
4,4,1982,"Amchel","Chajul","Quiche",228,"Y",9,"","Casos Presentados Anexo II Tomo X",NA,"","14-2"
5,4,1982,"Fince Covadonga","Chajul","Quiche",228,"Y",42,"","Casos Presentados Anexo II Tomo X",1,"","14-2"
NA,NA,1981,"Chacalte","Chajul","Quiche",228,"Y",5,"","Casos Presentados Anexo II Tomo X",NA,"","14-2"
NA,NA,1980,"","Chajul","Quiche",228,"Y",15,"","Casos Presentados Anexo II Tomo X",NA,"","14-2"
NA,9,1980,"","Chajul","Quiche",228,"Y",6,"","Casos Presentados Anexo II Tomo X",NA,"","14-2"
12,3,1981,"Ixla","Chajul","Quiche",228,"Y",60,"","Casos Presentados Anexo II Tomo X",NA,"","14-2"
12,4,1982,"Xesai","Chajul","Quiche",228,"Y",46,"","Casos Presentados Anexo II Tomo X",NA,"","14-2"
13,2,1982,"","Chajul","Quiche",228,"Y",56,"","Casos Presentados Anexo II Tomo X",NA,"","14-2"
NA,1,1982,"Chacalte","Chajul","Quiche",228,"Y",12,"","Casos Presentados Anexo II Tomo X",NA,"","14-2"
12,3,1982,"Chaxa","Chajul","Quiche",228,"Y",27,"","Casos Presentados Anexo II Tomo X",NA,"","14-2"
28,4,1981,"Chel","Chajul","Quiche",228,"Y",42,"","Casos Presentados Anexo II Tomo X",NA,"","14-2"
18,5,1982,"Sotzil","Chajul","Quiche",228,"Mil and Pac",9,"","Casos Presentados Anexo II Tomo X",NA,"","14-2"
4,4,1984,"Cimientos","Chajul","Quiche",228,"Mil and Pac",15,"","Casos Presentados Anexo II Tomo X",NA,"","14-2"
23,3,1982,"La Perla","Chajul","Quiche",228,"Mil and Pac",250,"","Casos Presentados Anexo II Tomo X",NA,"","14-2"
NA,10,1984,"Santa Rosa","Chajul","Quiche",228,"Y",21,"","Casos Presentados Anexo II Tomo X",NA,"","14-2"
NA,12,1983,"Tesoro","Chajul","Quiche",228,"Y",35,"","Casos Presentados Anexo II Tomo X",NA,"","14-2"
3,4,1984,"Cimientos","Chajul","Quiche",228,"Mil and Pac",21,"","Casos Presentados Anexo II Tomo X",NA,"","14-2"
NA,NA,1982,"San Joaquin","Chajul","Quiche",228,"Y",9,"","Casos Presentados Anexo II Tomo X",NA,"","14-2"
NA,3,1982,"Xemal","Chajul","Quiche",228,"Mil and Pac",13,"","Casos Presentados Anexo II Tomo X",NA,"","14-2"
NA,1,1981,"Xeputul","Chajul","Quiche",228,"Y",26,"","Casos Presentados Anexo II Tomo X",NA,"","14-2"
11,1,1981,"Ilom","Chajul","Quiche",228,"Y",20,"","Casos Presentados Anexo II Tomo X",NA,"","14-2"
NA,NA,1985,"Pal","Chajul","Quiche",228,"Y",10,"","Casos Presentados Anexo II Tomo X",NA,"","14-2"
NA,10,1980,"Jua","Chajul","Quiche",228,"Y",9,"","Casos Presentados Anexo II Tomo X",NA,"","14-2"
6,4,1982,"Perla","Chajul","Quiche",228,"Mil and Pac",39,"","Casos Presentados Anexo II Tomo X",2,"","14-2"
NA,NA,1985,"","Chajul","Quiche",228,"Y",9,"","Casos Presentados Anexo II Tomo X",NA,"","14-2"
10,4,1982,"Cesayi","Chajul","Quiche",228,"Y",42,"","Casos Presentados Anexo II Tomo X",NA,"","14-2"
NA,NA,1982,"Cajchixla","Chajul","Quiche",228,"Y",12,"","Casos Presentados Anexo II Tomo X",NA,"","14-2"
15,12,1982,"Panaman","Chinique","Quiche",226,"Y",42,"","Casos Presentados Anexo II Tomo X",2,"","14-6"
NA,NA,1982,"El Peligro","Chinique","Quiche",226,"Y",10,"","Casos Presentados Anexo II Tomo X",2,"","14-6"
26,12,1982,"","Chiche","Quiche",225,"Mil and Pac",75,"","Casos Presentados Anexo II Tomo X",1,"","14-4"
4,8,1982,"Chucalibal","Chiche","Quiche",225,"Y",5,"","Casos Presentados Anexo II Tomo X",1,"","14-4"
28,5,1982,"Tuluche","Chiche","Quiche",225,"Mil and Pac",7,"One family","Casos Presentados Anexo II Tomo X",NA,"","14-4"
1,5,1982,"Chupoj","Chiche","Quiche",225,"Y",6,"","Casos Presentados Anexo II Tomo X",NA,"","14-4"
4,5,1984,"Choyomche","Chiche","Quiche",225,"Y",8,"","Casos Presentados Anexo II Tomo X",NA,"","14-4"
29,6,1981,"Chupoj","Chiche","Quiche",225,"Mil and Pac",54,"","Casos Presentados Anexo II Tomo X",NA,"","14-4"
3,10,1980,"Caserio Los Cerritos","Chiche","Quiche",225,"Y",8,"","Casos Presentados Anexo II Tomo X",NA,"","14-4"
31,5,1982,"Los Tzoc","Chiche","Quiche",225,"Mil and Pac",24,"","Casos Presentados Anexo II Tomo X",NA,"","14-4"
NA,1,1981,"Membrillal Segundo Centro","Chiche","Quiche",225,"Y",5,"","Casos Presentados Anexo II Tomo X",NA,"","14-4"
20,4,1981,"Chuaxan","Chiche","Quiche",225,"Mil and Pac",21,"","Casos Presentados Anexo II Tomo X",NA,"","14-4"
NA,2,1981,"Los Tzoc","Chiche","Quiche",225,"Mil and Pac",6,"","Casos Presentados Anexo II Tomo X",NA,"","14-4"
NA,12,1981,"Laguna Seca","Chiche","Quiche",225,"Y",22,"","Casos Presentados Anexo II Tomo X",NA,"","14-4"
NA,8,1981,"Chupoj","Chiche","Quiche",225,"Y",7,"","Casos Presentados Anexo II Tomo X",NA,"","14-4"
21,3,1981,"Carrizal","Chiche","Quiche",225,"Y",22,"","Casos Presentados Anexo II Tomo X",NA,"","14-4"
22,11,1982,"Tuluche","Chiche","Quiche",225,"Mil and Pac",422,"","Casos Presentados Anexo II Tomo IX",1,"","14-4"
20,4,1982,"Tuluche","Chiche","Quiche",225,"Y",7,"","Casos Presentados Anexo II Tomo X",NA,"","14-4"
NA,NA,1982,"Laguna","Chiche","Quiche",225,"Y",14,"","Casos Presentados Anexo II Tomo X",NA,"","14-4"
17,8,1981,"Chuguexa","Santo Tomas Chichicastenango","Quiche",229,"Y",26,"","Casos Presentados Anexo II Tomo X",NA,"","14-5"
25,7,1980,"Chuguexa II","Santo Tomas Chichicastenango","Quiche",229,"Y",25,"","Casos Presentados Anexo II Tomo X",NA,"","14-5"
NA,10,1981,"Sacupulub","Santo Tomas Chichicastenango","Quiche",229,"Y",4,"","Casos Presentados Anexo II Tomo X",NA,"","14-5"
10,8,1982,"Chichicastenango","Santo Tomas Chichicastenango","Quiche",229,"Y",18,"","Casos Presentados Anexo II Tomo X",NA,"","14-5"
NA,12,1982,"TZANIMACABAJ","Santo Tomas Chichicastenango","Quiche",229,"Mil and Pac",5,"","Casos Presentados Anexo II Tomo X",NA,"","14-5"
NA,12,1981,"Lacama","Santo Tomas Chichicastenango","Quiche",229,"Y",92,"","Casos Presentados Anexo II Tomo X",NA,"","14-5"
12,5,1981,"Lacama III","Santo Tomas Chichicastenango","Quiche",229,"Y",28,"","Casos Presentados Anexo II Tomo X",NA,"","14-5"
2,8,1982,"Lacam","Santo Tomas Chichicastenango","Quiche",229,"Y",214,"","Casos Presentados Anexo II Tomo X",NA,"","14-5"
6,11,1981,"Chontala","Santo Tomas Chichicastenango","Quiche",229,"Y",23,"","Casos Presentados Anexo II Tomo X",NA,"","14-5"
NA,9,1982,"Chipaca","Santo Tomas Chichicastenango","Quiche",229,"Y",45,"","Casos Presentados Anexo II Tomo X",NA,"","14-5"
4,8,1982,"Chucalibal","Santo Tomas Chichicastenango","Quiche",229,"Y",5,"","Casos Presentados Anexo II Tomo X",2,"","14-5"
NA,11,1981,"TZANIMACABAJ","Santo Tomas Chichicastenango","Quiche",229,"Y",4,"","Casos Presentados Anexo II Tomo X",NA,"","14-5"
NA,6,1981,"Xabiyaguach","Santo Tomas Chichicastenango","Quiche",229,"Mil and Pac",28,"","Casos Presentados Anexo II Tomo X",NA,"Coded 1981 Says 1980/1981","14-5"
NA,12,1981,"Chulumal","Santo Tomas Chichicastenango","Quiche",229,"Y",NA,"","Casos Presentados Anexo II Tomo X",NA,"","14-5"
NA,7,1980,"Agua Escondida","Santo Tomas Chichicastenango","Quiche",229,"Y",60,"","Casos Presentados Anexo II Tomo X",NA,"","14-5"
25,3,1982,"Lacama","Santo Tomas Chichicastenango","Quiche",229,"Y",7,"","Casos Presentados Anexo II Tomo X",NA,"","14-5"
NA,7,1982,"Chuguexa Primer Centro","Santo Tomas Chichicastenango","Quiche",229,"Y",57,"","Casos Presentados Anexo II Tomo X",NA,"","14-5"
NA,10,1980,"Chupol","Santo Tomas Chichicastenango","Quiche",229,"Y",8,"6 from one family","Casos Presentados Anexo II Tomo X",NA,"","14-5"
NA,2,1982,"Chupol","Santo Tomas Chichicastenango","Quiche",229,"Y",NA,"","Casos Presentados Anexo II Tomo X",NA,"","14-5"
NA,4,1982,"Agua Escondida","Santo Tomas Chichicastenango","Quiche",229,"Y",13,"","Casos Presentados Anexo II Tomo X",NA,"","14-5"
28,7,1983,"Chijtinimit","Santo Tomas Chichicastenango","Quiche",229,"Mil and Pac",21,"","Casos Presentados Anexo II Tomo X",NA,"","14-5"
7,4,1982,"Chinil Primer","Chinique","Quiche",226,"Y",24,"","Casos Presentados Anexo II Tomo X",2,"","14-6"
22,5,1982,"La Puerta","Chinique","Quiche",226,"Mil and Pac",41,"","Casos Presentados Anexo II Tomo X",NA,"","14-6"
5,5,1982,"Agua Tibia","Chinique","Quiche",226,"Y",6,"5 from one family","Casos Presentados Anexo II Tomo X",2,"","14-6"
10,5,1982,"","Chinique","Quiche",226,"Y",6,"","Casos Presentados Anexo II Tomo X",NA,"","14-6"
NA,6,1981,"","San Juan Cotzal","Quiche",234,"Y",65,"","Casos Presentados Anexo II Tomo X",1,"","14-17"
28,7,1980,"","San Juan Cotzal","Quiche",234,"Y",160,"","Casos Presentados Anexo II Tomo X",1,"","14-17"
30,1,1981,"Villa Hortensia","San Juan Cotzal","Quiche",234,"Y",98,"","Casos Presentados Anexo II Tomo X",NA,"","14-17"
NA,NA,1980,"Asich","San Juan Cotzal","Quiche",234,"Y",9,"","Casos Presentados Anexo II Tomo X",NA,"","14-17"
5,5,1981,"San Fransisco","San Juan Cotzal","Quiche",234,"Y",74,"","Casos Presentados Anexo II Tomo X",NA,"","14-17"
NA,12,1981,"Cajixay","San Juan Cotzal","Quiche",234,"Y",6,"","Casos Presentados Anexo II Tomo X",NA,"","14-17"
17,5,1981,"","San Juan Cotzal","Quiche",234,"Y",15,"","Casos Presentados Anexo II Tomo X",NA,"","14-17"
NA,NA,1980,"Chichel","San Juan Cotzal","Quiche",234,"Y",9,"","Casos Presentados Anexo II Tomo X",NA,"","14-17"
NA,NA,1980,"Conrab","San Juan Cotzal","Quiche",234,"Y",6,"","Casos Presentados Anexo II Tomo X",NA,"","14-17"
NA,5,1981,"San Fransico","San Juan Cotzal","Quiche",234,"Y",16,"","Casos Presentados Anexo II Tomo X",NA,"","14-17"
NA,1,1983,"Haciendas","San Juan Cotzal","Quiche",234,"Y",50,"","Casos Presentados Anexo II Tomo X",NA,"","14-17"
8,1,1982,"Juaventau","San Juan Cotzal","Quiche",234,"Y",8,"One family","Casos Presentados Anexo II Tomo X",NA,"","14-17"
9,7,1981,"","Cunen","Quiche",233,"Y",5,"","Casos Presentados Anexo II Tomo X",NA,"","14-7"
NA,2,1982,"Chiul","Cunen","Quiche",233,"Y",NA,"","Casos Presentados Anexo II Tomo X",1,"","14-7"
NA,3,1982,"Chiul","Cunen","Quiche",233,"Y",NA,"","Casos Presentados Anexo II Tomo X",1,"","14-7"
NA,4,1982,"Chiul","Cunen","Quiche",233,"Y",NA,"","Casos Presentados Anexo II Tomo X",1,"","14-7"
17,1,1982,"Cunen","Cunen","Quiche",233,"Y",104,"","Casos Presentados Anexo II Tomo X",NA,"","14-7"
29,10,1981,"Chipaj","Patzite","Quiche",230,"Mil and Pac",8,"","Casos Presentados Anexo II Tomo X",2,"","14-12"
28,4,1981,"Xalbal","Ixcan","Quiche",238,"Y",42,"","Casos Presentados Anexo II Tomo X",1,"","14-20"
3,6,1983,"Mayalan","Ixcan","Quiche",238,"Y",105,"","Casos Presentados Anexo II Tomo X",1,"","14-20"
20,12,1981,"San Juan","Ixcan","Quiche",238,"Y",17,"","Casos Presentados Anexo II Tomo X",1,"","14-20"
NA,NA,1980,"Ascension Copon","Ixcan","Quiche",238,"Y",12,"","Casos Presentados Anexo II Tomo X",NA,"","14-20"
NA,6,1985,"Centro Nueva Linda","Ixcan","Quiche",238,"Y",5,"","Casos Presentados Anexo II Tomo X",NA,"","14-20"
20,2,1982,"El Quetzal","Ixcan","Quiche",238,"Y",153,"","Casos Presentados Anexo II Tomo X",NA,"","14-20"
18,5,1982,"Ixtahuacan Chiquito","Ixcan","Quiche",238,"Y",64,"","Casos Presentados Anexo II Tomo X",NA,"","14-20"
23,11,1983,"Pueblo Nuevo","Ixcan","Quiche",238,"Y",18,"","Casos Presentados Anexo II Tomo X",NA,"","14-20"
27,2,1982,"Kabil Balam","Ixcan","Quiche",238,"Y",18,"","Casos Presentados Anexo II Tomo X",NA,"","14-20"
11,2,1982,"Trinitaria","Ixcan","Quiche",238,"Y",60,"","Casos Presentados Anexo II Tomo X",NA,"","14-20"
NA,2,1982,"San Antonio Tzeja","Ixcan","Quiche",238,"Y",16,"","Casos Presentados Anexo II Tomo X",NA,"","14-20"
NA,NA,1982,"Ressureccion","Ixcan","Quiche",238,"Y",14,"","Casos Presentados Anexo II Tomo X",2,"","14-20"
28,1,1983,"Santa Maria Dolores","Ixcan","Quiche",238,"Y",76,"","Casos Presentados Anexo II Tomo X",NA,"","14-20"
NA,NA,1982,"Mayalan","Ixcan","Quiche",238,"Y",16,"","Casos Presentados Anexo II Tomo X",NA,"","14-20"
NA,NA,1982,"San Lucas","Ixcan","Quiche",238,"Y",7,"","Casos Presentados Anexo II Tomo X",NA,"","14-20"
NA,10,1982,"Ixcan Grande","Ixcan","Quiche",238,"Y",13,"","Casos Presentados Anexo II Tomo X",NA,"","14-20"
NA,6,1982,"Kaibil Balam","Ixcan","Quiche",238,"Y",22,"","Casos Presentados Anexo II Tomo X",NA,"","14-20"
15,2,1982,"Santa Maria Tzeja","Ixcan","Quiche",238,"Y",18,"","Casos Presentados Anexo II Tomo X",NA,"","14-20"
NA,8,1981,"San Lucas","Ixcan","Quiche",238,"Y",7,"","Casos Presentados Anexo II Tomo X",NA,"","14-20"
15,2,1982,"Santo Tomas","Ixcan","Quiche",238,"Y",150,"","Casos Presentados Anexo II Tomo X",2,"","14-20"
NA,NA,1982,"Pueblo Nuevo","Ixcan","Quiche",238,"Y",12,"","Casos Presentados Anexo II Tomo X",NA,"","14-20"
1,4,1982,"Xalbal","Ixcan","Quiche",238,"Y",10,"","Casos Presentados Anexo II Tomo X",NA,"","14-20"
NA,NA,1980,"Santa Maria Dolores","Ixcan","Quiche",238,"Y",8,"","Casos Presentados Anexo II Tomo X",NA,"","14-20"
19,2,1982,"Pueblo Nuevo","Ixcan","Quiche",238,"Y",11,"","Casos Presentados Anexo II Tomo X",NA,"","14-20"
26,5,1982,"Nueva Comunidad","Ixcan","Quiche",238,"Y",9,"","Casos Presentados Anexo II Tomo X",NA,"","14-20"
NA,7,1982,"Senexeja","Ixcan","Quiche",238,"Y",67,"","Casos Presentados Anexo II Tomo X",NA,"","14-20"
NA,NA,1982,"Cooperativa San Antonio Chiquito","Ixcan","Quiche",238,"Y",3,"","Casos Presentados Anexo II Tomo X",NA,"","14-20"
NA,5,1982,"Pueblo Nuevo","Ixcan","Quiche",238,"Y",NA,"","Casos Presentados Anexo II Tomo X",NA,"","14-20"
NA,6,1982,"Ixtahuacan Chiquito","Ixcan","Quiche",238,"Y",6,"","Casos Presentados Anexo II Tomo X",NA,"","14-20"
14,2,1982,"Pueblo Nuevo","Ixcan","Quiche",238,"Y",11,"","Casos Presentados Anexo II Tomo X",1,"","14-20"
12,2,1982,"Pueblo Nuevo","Ixcan","Quiche",238,"Y",13,"","Casos Presentados Anexo II Tomo X",NA,"","14-20"
NA,2,1982,"San Antonio Tzeja","Ixcan","Quiche",238,"Y",16,"","Casos Presentados Anexo II Tomo X",NA,"","14-20"
11,11,1982,"Buenos Aires","Ixcan","Quiche",238,"Y",7,"One family","Casos Presentados Anexo II Tomo X",NA,"","14-20"
31,3,1982,"Xalbal","Ixcan","Quiche",238,"Y",36,"","Casos Presentados Anexo II Tomo X",NA,"","14-20"
NA,10,1982,"Chinateja","Ixcan","Quiche",238,"Mil and Pac",24,"","Casos Presentados Anexo II Tomo X",NA,"","14-20"
NA,NA,1982,"","Ixcan","Quiche",238,"Y",10,"","Casos Presentados Anexo II Tomo X",NA,"","14-20"
NA,NA,1982,"Las Palmas","Ixcan","Quiche",238,"Y",18,"","Casos Presentados Anexo II Tomo X",NA,"","14-20"
4,1,1983,"Chamorro","Ixcan","Quiche",238,"Y",20,"","Casos Presentados Anexo II Tomo X",NA,"","14-20"
26,9,1981,"Santa Maria Dolores","Ixcan","Quiche",238,"Y",6,"","Casos Presentados Anexo II Tomo X",NA,"","14-20"
19,2,1982,"Esmeralda","Ixcan","Quiche",238,"Y",11,"","Casos Presentados Anexo II Tomo X",2,"","14-20"
NA,NA,1982,"San Antonio Chiquito","Ixcan","Quiche",238,"Y",5,"","Casos Presentados Anexo II Tomo X",NA,"","14-20"
NA,3,1981,"San Juan Ixcan","Ixcan","Quiche",238,"Y",8,"","Casos Presentados Anexo II Tomo X",NA,"","14-20"
NA,NA,1981,"Santa Maria Dolores","Ixcan","Quiche",238,"Y",80,"","Casos Presentados Anexo II Tomo X",NA,"","14-20"
15,5,1982,"San Juan Ixcan","Ixcan","Quiche",238,"Y",15,"","Casos Presentados Anexo II Tomo X",NA,"","14-20"
NA,6,1981,"Xalbal","Ixcan","Quiche",238,"Y",31,"","Casos Presentados Anexo II Tomo X",NA,"","14-20"
NA,NA,1982,"San Juan Ixcan","Ixcan","Quiche",238,"Y",8,"","Casos Presentados Anexo II Tomo X",NA,"","14-20"
15,2,1982,"Poligono","Ixcan","Quiche",238,"Y",10,"","Casos Presentados Anexo II Tomo X",NA,"","14-20"
14,1,1981,"Chorrachaj","Joyabaj","Quiche",235,"Y",15,"5 families","Casos Presentados Anexo II Tomo X",NA,"","14-9"
8,4,1982,"Xeabaj","Joyabaj","Quiche",235,"Y",64,"","Casos Presentados Anexo II Tomo X",1,"","14-9"
8,11,1981,"Talaxcoc","Joyabaj","Quiche",235,"Y",7,"","Casos Presentados Anexo II Tomo X",2,"","14-9"
8,3,1982,"Joyabaj","Joyabaj","Quiche",235,"Mil and Pac",64,"","Casos Presentados Anexo II Tomo X",2,"","14-9"
9,2,1981,"El Boqueron","Joyabaj","Quiche",235,"Mil and Pac",22,"","Casos Presentados Anexo II Tomo X",NA,"","14-9"
15,5,1981,"Patzula","Joyabaj","Quiche",235,"Y",38,"","Casos Presentados Anexo II Tomo X",NA,"","14-9"
NA,3,1982,"Chorrachaj","Joyabaj","Quiche",235,"Mil and Pac",50,"","Casos Presentados Anexo II Tomo X",NA,"","14-9"
19,3,1982,"El Temal","Joyabaj","Quiche",235,"Y",7,"One family","Casos Presentados Anexo II Tomo X",NA,"","14-9"
9,10,1982,"El Temal Primer Centro","Joyabaj","Quiche",235,"Y",6,"","Casos Presentados Anexo II Tomo X",2,"","14-9"
25,4,1982,"Piedras Blancas","Joyabaj","Quiche",235,"Y",86,"","Casos Presentados Anexo II Tomo X",NA,"","14-9"
NA,10,1981,"Saljij","Joyabaj","Quiche",235,"Y",9,"P 1024, good example of lack of information","Casos Presentados Anexo II Tomo X",NA,"","14-9"
10,9,1982,"Xeucalvitz","Nebaj","Quiche",236,"Y",8,"","Casos Presentados Anexo II Tomo X",1,"","14-10"
17,5,1981,"San Pedro","Nebaj","Quiche",236,"Y",26,"","Casos Presentados Anexo II Tomo X",NA,"Coded 1981, Says 1981/1982","14-10"
NA,NA,1983,"Ixtupil","Nebaj","Quiche",236,"Y",5,"","Casos Presentados Anexo II Tomo X",NA,"","14-10"
5,2,1982,"Pulay","Nebaj","Quiche",236,"Y",48,"","Casos Presentados Anexo II Tomo X",NA,"","14-10"
15,4,1981,"","Nebaj","Quiche",236,"Y",9,"","Casos Presentados Anexo II Tomo X",NA,"","14-10"
NA,10,1983,"Laguna","Nebaj","Quiche",236,"Y",5,"","Casos Presentados Anexo II Tomo X",1,"","14-10"
14,9,1982,"Bicalama","Nebaj","Quiche",236,"Y",5,"","Casos Presentados Anexo II Tomo X",NA,"","14-10"
NA,4,1983,"Tzabal","Nebaj","Quiche",236,"Y",11,"","Casos Presentados Anexo II Tomo X",2,"","14-10"
NA,NA,1985,"Batzcorral","Nebaj","Quiche",236,"Y",16,"","Casos Presentados Anexo II Tomo X",NA,"","14-10"
NA,11,1982,"Laguna","Nebaj","Quiche",236,"Y",40,"","Casos Presentados Anexo II Tomo X",NA,"","14-10"
NA,9,1981,"Pulay","Nebaj","Quiche",236,"Y",19,"","Casos Presentados Anexo II Tomo X",2,"","14-10"
NA,6,1982,"Chortiz","Nebaj","Quiche",236,"Y",NA,"","Casos Presentados Anexo II Tomo X",NA,"","14-10"
NA,NA,1981,"Santa Marta","Nebaj","Quiche",236,"Y",15,"","Casos Presentados Anexo II Tomo X",NA,"","14-10"
NA,8,1983,"Bicalama","Nebaj","Quiche",236,"Y",15,"","Casos Presentados Anexo II Tomo X",NA,"","14-10"
9,9,1984,"Bicalama","Nebaj","Quiche",236,"Y",21,"","Casos Presentados Anexo II Tomo X",NA,"","14-10"
NA,1,1982,"Camposanto","Nebaj","Quiche",236,"Y",8,"","Casos Presentados Anexo II Tomo X",NA,"","14-10"
NA,NA,1981,"Chabuc","Nebaj","Quiche",236,"Y",28,"","Casos Presentados Anexo II Tomo X",NA,"","14-10"
NA,11,1981,"Pexla","Nebaj","Quiche",236,"Y",26,"","Casos Presentados Anexo II Tomo X",NA,"","14-10"
NA,5,1982,"Sumal Chiquito","Nebaj","Quiche",236,"Y",6,"","Casos Presentados Anexo II Tomo X",NA,"","14-10"
10,12,1980,"Xecamaj","Nebaj","Quiche",236,"Y",5,"","Casos Presentados Anexo II Tomo X",NA,"","14-10"
NA,2,1981,"Tzalbal","Nebaj","Quiche",236,"Y",20,"","Casos Presentados Anexo II Tomo X",NA,"","14-10"
NA,NA,1983,"Mixla","Nebaj","Quiche",236,"Mil and Pac",15,"","Casos Presentados Anexo II Tomo X",NA,"","14-10"
15,9,1981,"Pexla","Nebaj","Quiche",236,"Y",10,"","Casos Presentados Anexo II Tomo X",NA,"","14-10"
16,4,1981,"Cocob","Nebaj","Quiche",236,"Y",67,"","Casos Presentados Anexo II Tomo X",NA,"","14-10"
NA,2,1982,"Pexla","Nebaj","Quiche",236,"Y",7,"","Casos Presentados Anexo II Tomo X",NA,"","14-10"
15,8,1982,"San Fransisco Javier","Nebaj","Quiche",236,"Y",32,"","Casos Presentados Anexo II Tomo X",NA,"","14-10"
NA,11,1980,"Pulay","Nebaj","Quiche",236,"Y",36,"","Casos Presentados Anexo II Tomo X",2,"","14-10"
15,3,1981,"umul Chiquito","Nebaj","Quiche",236,"Mil and Pac",12,"","Casos Presentados Anexo II Tomo X",NA,"","14-10"
30,8,1983,"Parramos","Nebaj","Quiche",236,"Y",43,"","Casos Presentados Anexo II Tomo X",NA,"","14-10"
27,10,1981,"Santa Marta","Nebaj","Quiche",236,"Mil and Pac",28,"","Casos Presentados Anexo II Tomo X",NA,"","14-10"
NA,4,1981,"Xecac","Nebaj","Quiche",236,"Y",101,"","Casos Presentados Anexo II Tomo X",NA,"","14-10"
27,5,1984,"Xeucalvitz","Nebaj","Quiche",236,"Y",27,"","Casos Presentados Anexo II Tomo X",NA,"","14-10"
17,5,1982,"Las Pilas","Nebaj","Quiche",236,"Y",13,"","Casos Presentados Anexo II Tomo X",NA,"","14-10"
NA,2,1982,"Pexla","Nebaj","Quiche",236,"Mil and Pac",101,"","Casos Presentados Anexo II Tomo X",NA,"","14-10"
24,2,1981,"Vicuchul","Nebaj","Quiche",236,"Y",8,"","Casos Presentados Anexo II Tomo X",NA,"","14-10"
7,2,1982,"Billala","Nebaj","Quiche",236,"Y",11,"","Casos Presentados Anexo II Tomo X",NA,"","14-10"
28,2,1982,"Las Pilas","Nebaj","Quiche",236,"Y",89,"","Casos Presentados Anexo II Tomo X",NA,"","14-10"
NA,6,1982,"Chuatuj","Nebaj","Quiche",236,"Y",357,"","Casos Presentados Anexo II Tomo X",NA,"","14-10"
25,3,1982,"Canaquil","Nebaj","Quiche",236,"Y",32,"","Casos Presentados Anexo II Tomo X",NA,"","14-10"
25,11,1982,"La Perla","Nebaj","Quiche",236,"Y",5,"4 from one family","Casos Presentados Anexo II Tomo X",NA,"","14-10"
NA,4,1983,"Tzalbal","Nebaj","Quiche",236,"Mil and Pac",6,"","Casos Presentados Anexo II Tomo X",NA,"","14-10"
NA,12,1982,"","Nebaj","Quiche",236,"Y",7,"","Casos Presentados Anexo II Tomo X",NA,"","14-10"
NA,NA,1982,"Xoloche","Nebaj","Quiche",236,"Y",310,"","Casos Presentados Anexo II Tomo X",NA,"","14-10"
NA,10,1981,"Acul","Nebaj","Quiche",236,"Y",9,"","Casos Presentados Anexo II Tomo X",NA,"","14-10"
17,12,1983,"Canaquil","Nebaj","Quiche",236,"Y",8,"","Casos Presentados Anexo II Tomo X",NA,"","14-10"
22,9,1982,"Salquil","Nebaj","Quiche",236,"Y",31,"","Casos Presentados Anexo II Tomo X",2,"","14-10"
NA,NA,1982,"Tzalbal","Nebaj","Quiche",236,"Y",21,"","Casos Presentados Anexo II Tomo X",2,"","14-10"
NA,3,1982,"Salquil","Nebaj","Quiche",236,"Y",13,"","Casos Presentados Anexo II Tomo X",NA,"","14-10"
14,2,1982,"Saciguan","Nebaj","Quiche",236,"Y",25,"","Casos Presentados Anexo II Tomo X",NA,"","14-10"
27,10,1981,"San Pedro","Nebaj","Quiche",236,"Y",27,"","Casos Presentados Anexo II Tomo X",2,"","14-10"
4,8,1983,"Batzchocola","Nebaj","Quiche",236,"Y",7,"","Casos Presentados Anexo II Tomo X",NA,"","14-10"
NA,7,1984,"Bicalama","Nebaj","Quiche",236,"Y",21,"","Casos Presentados Anexo II Tomo X",NA,"","14-10"
NA,NA,1985,"Xecotz","Nebaj","Quiche",236,"Y",5,"","Casos Presentados Anexo II Tomo X",NA,"","14-10"
6,1,1982,"Chuicojonop","Patzite","Quiche",230,"Y",8,"","Casos Presentados Anexo II Tomo X",2,"","14-12"
NA,NA,1981,"Chujuyub","Santa Cruz del Quiche","Quiche",224,"Y",6,"","Casos Presentados Anexo II Tomo X",NA,"","14-19"
26,12,1982,"Chiche","Santa Cruz del Quiche","Quiche",224,"Mil and Pac",75,"","Casos Presentados Anexo II Tomo X",2,"","14-19"
10,12,1981,"Parraxtut","Sacapulas","Quiche",227,"Y",5,"","Casos Presentados Anexo II Tomo X",NA,"","14-13"
NA,2,1982,"Paraxtut","Sacapulas","Quiche",227,"Y",NA,"","Casos Presentados Anexo II Tomo X",1,"","14-13"
NA,3,1982,"Paraxtut","Sacapulas","Quiche",227,"Y",NA,"","Casos Presentados Anexo II Tomo X",1,"","14-13"
NA,4,1982,"Paraxtut","Sacapulas","Quiche",227,"Y",NA,"","Casos Presentados Anexo II Tomo X",1,"","14-13"
NA,NA,1981,"Silomamac","Sacapulas","Quiche",227,"Y",10,"","Casos Presentados Anexo II Tomo X",NA,"","14-13"
NA,10,1982,"Parraxtut","Sacapulas","Quiche",227,"Mil and Pac",8,"","Casos Presentados Anexo II Tomo X",NA,"","14-13"
16,3,1981,"Parraxtut","Sacapulas","Quiche",227,"Y",6,"1 Family","Casos Presentados Anexo II Tomo X",NA,"","14-13"
NA,NA,1983,"","Sacapulas","Quiche",227,"Y",15,"","Casos Presentados Anexo II Tomo X",NA,"","14-13"
12,2,1981,"Cuesta del Aguila","Sacapulas","Quiche",227,"Y",13,"","Casos Presentados Anexo II Tomo X",NA,"","14-13"
15,2,1982,"Parraxtut","Sacapulas","Quiche",227,"Y",7,"","Casos Presentados Anexo II Tomo X",NA,"","14-13"
NA,NA,1982,"Tierra Colrada","Sacapulas","Quiche",227,"Y",151,"Code as feb, march, april","Casos Presentados Anexo II Tomo X",2,"","14-13"
13,2,1982,"Pie Aguila","Sacapulas","Quiche",227,"Y",5,"","Casos Presentados Anexo II Tomo X",NA,"","14-13"
6,3,1982,"Rio Blanco","Sacapulas","Quiche",227,"Y",5,"","Casos Presentados Anexo II Tomo X",NA,"","14-13"
8,11,1981,"Talaxcoc","San Andres Sajcabaja","Quiche",137,"Y",39,"","Casos Presentados Anexo II Tomo X",1,"","14-14"
18,2,1982,"","San Andres Sajcabaja","Quiche",237,"Y",7,"","Casos Presentados Anexo II Tomo X",NA,"","14-14"
NA,4,1981,"Tonlajic","San Andres Sajcabaja","Quiche",237,"Y",37,"","Casos Presentados Anexo II Tomo X",NA,"","14-14"
9,4,1982,"Chinanton","San Andres Sajcabaja","Quiche",237,"Y",9,"","Casos Presentados Anexo II Tomo X",1,"","14-14"
NA,2,1982,"Tonlajic","San Andres Sajcabaja","Quiche",237,"Y",9,"","Casos Presentados Anexo II Tomo X",NA,"","14-14"
7,4,1982,"Chinanton","San Andres Sajcabaja","Quiche",237,"Mil and Pac",23,"","Casos Presentados Anexo II Tomo X",NA,"","14-14"
7,2,1982,"Xeabaj","San Andres Sajcabaja","Quiche",237,"Y",14,"","Casos Presentados Anexo II Tomo X",2,"","14-14"
26,2,1983,"Chocaja","San Antonio Ilotenango","Quiche",231,"Y",11,"","Casos Presentados Anexo II Tomo X",NA,"","14-15"
30,12,1981,"Chuaccorral","San Bartolome Jocotenango","Quiche",240,"Mil and Pac",15,"","Casos Presentados Anexo II Tomo X",NA,"","14-16"
4,1,1983,"Xetemabaj","San Bartolome Jocotenango","Quiche",240,"Mil and Pac",16,"","Casos Presentados Anexo II Tomo X",NA,"","14-16"
NA,1,1981,"Chipal","San Juan Cotzal","Quiche",234,"Y",22,"","Casos Presentados Anexo II Tomo X",NA,"","14-17"
15,9,1981,"","San Juan Cotzal","Quiche",234,"Y",70,"","Casos Presentados Anexo II Tomo X",NA,"","14-17"
5,5,1982,"Las Guacamays","San Juan Cotzal","Quiche",234,"Y",10,"","Casos Presentados Anexo II Tomo X",NA,"","14-17"
28,7,1980,"","San Juan Cotzal","Quiche",234,"Y",154,"","Casos Presentados Anexo II Tomo X",2,"","14-17"
3,7,1982,"Estanzuela","San Pedro Jocopilas","Quiche",232,"Y",25,"","Casos Presentados Anexo II Tomo X",2,"","14-18"
15,1,1983,"Chitucur","San Pedro Jocopilas","Quiche",232,"Y",20,"","Casos Presentados Anexo II Tomo X",NA,"","14-18"
3,1,1981,"Santabal Segundo","San Pedro Jocopilas","Quiche",232,"Y",5,"","Casos Presentados Anexo II Tomo X",NA,"","14-18"
NA,2,1982,"Chitucur","San Pedro Jocopilas","Quiche",232,"Y",22,"","Casos Presentados Anexo II Tomo X",NA,"","14-18"
10,8,1982,"Xoljuyub","San Pedro Jocopilas","Quiche",232,"Y",92,"","Casos Presentados Anexo II Tomo X",NA,"","14-18"
22,7,1981,"Cucabaj Segundo","Santa Cruz del Quiche","Quiche",224,"Y",39,"","Casos Presentados Anexo II Tomo X",1,"","14-19"
24,12,1981,"Tierra Caliente","Santa Cruz del Quiche","Quiche",224,"Y",50,"","Casos Presentados Anexo II Tomo X",NA,"","14-19"
12,9,1982,"Pamesebal","Santa Cruz del Quiche","Quiche",224,"Mil and Pac",5,"","Casos Presentados Anexo II Tomo X",NA,"","14-19"
18,3,1982,"Xatinab Tercer","Santa Cruz del Quiche","Quiche",224,"Mil and Pac",6,"","Casos Presentados Anexo II Tomo X",2,"","14-19"
13,8,1980,"II Centro Chicabracan","Santa Cruz del Quiche","Quiche",224,"Y",6,"","Casos Presentados Anexo II Tomo X",NA,"","14-19"
16,3,1981,"San Sebastian Lemoa","Santa Cruz del Quiche","Quiche",224,"Y",36,"","Casos Presentados Anexo II Tomo X",2,"","14-19"
NA,NA,1980,"Xesic II Centro","Santa Cruz del Quiche","Quiche",224,"Y",NA,"","Casos Presentados Anexo II Tomo X",NA,"","14-19"
15,11,1980,"Xatinap","Santa Cruz del Quiche","Quiche",224,"Y",6,"","Casos Presentados Anexo II Tomo X",NA,"","14-19"
NA,10,1982,"San Sebastian","Santa Cruz del Quiche","Quiche",224,"Mil and Pac",6,"","Casos Presentados Anexo II Tomo X",NA,"","14-19"
NA,7,1983,"Pacaja","Santa Cruz del Quiche","Quiche",224,"Mil and Pac",5,"","Casos Presentados Anexo II Tomo X",NA,"","14-19"
24,4,1982,"Xesic","Santa Cruz del Quiche","Quiche",224,"Y",75,"","Casos Presentados Anexo II Tomo X",NA,"","14-19"
31,12,1982,"Chicabracan","Santa Cruz del Quiche","Quiche",224,"Mil and Pac",7,"","Casos Presentados Anexo II Tomo X",NA,"","14-19"
3,8,1981,"Chicabracan","Santa Cruz del Quiche","Quiche",224,"Y",6,"","Casos Presentados Anexo II Tomo X",NA,"","14-19"
29,10,1981,"Chipaj","Uspantan","Quiche",238,"Mil and Pac",8,"","Casos Presentados Anexo II Tomo X",1,"","14-20"
NA,11,1982,"Pantolox","Uspantan","Quiche",238,"Y",6,"","Casos Presentados Anexo II Tomo X",1,"","14-20"
8,4,1981,"Las Guacamayas","Uspantan","Quiche",238,"Y",6,"3 families","Casos Presentados Anexo II Tomo X",NA,"","14-20"
NA,9,1981,"San Pedro La Esperanza","Uspantan","Quiche",238,"Y",5,"","Casos Presentados Anexo II Tomo X",NA,"","14-20"
20,5,1982,"Xicalcal","Uspantan","Quiche",238,"Mil and Pac",10,"","Casos Presentados Anexo II Tomo X",NA,"","14-20"
NA,6,1980,"Chimel","Uspantan","Quiche",238,"Y",19,"","Casos Presentados Anexo II Tomo X",NA,"Coded 1981 Says 1980/1981","14-20"
18,4,1981,"Caracol","Uspantan","Quiche",238,"Y",7,"","Casos Presentados Anexo II Tomo X",NA,"","14-20"
NA,11,1982,"Las Guacamays","Uspantan","Quiche",238,"Y",16,"","Casos Presentados Anexo II Tomo X",NA,"","14-20"
10,9,1982,"Buena Vista","Uspantan","Quiche",238,"Mil and Pac",8,"","Casos Presentados Anexo II Tomo X",NA,"","14-20"
1,11,1982,"San Pedro","Uspantan","Quiche",238,"Y",7,"","Casos Presentados Anexo II Tomo X",NA,"","14-20"
NA,3,1984,"Macalajua","Uspantan","Quiche",238,"Y",12,"","Casos Presentados Anexo II Tomo X",NA,"","14-20"
NA,10,1982,"Desengano","Uspantan","Quiche",238,"Mil and Pac",15,"","Casos Presentados Anexo II Tomo X",NA,"","14-20"
28,3,1980,"El Desengano","Uspantan","Quiche",238,"Y",15,"","Casos Presentados Anexo II Tomo X",NA,"","14-20"
14,2,1982,"Macuajua","Uspantan","Quiche",238,"Y",55,"","Casos Presentados Anexo II Tomo X",NA,"","14-20"
NA,12,1981,"Las Marias","Uspantan","Quiche",238,"Y",11,"","Casos Presentados Anexo II Tomo X",NA,"","14-20"
14,11,1980,"Macalajua","Uspantan","Quiche",238,"Y",6,"One family","Casos Presentados Anexo II Tomo X",NA,"","14-20"
24,6,1981,"Macalajua","Uspantan","Quiche",238,"Y",5,"","Casos Presentados Anexo II Tomo X",NA,"","14-20"
NA,8,1980,"Caracol","Uspantan","Quiche",238,"Y",6,"","Casos Presentados Anexo II Tomo X",NA,"","14-20"
15,7,1981,"San Pablo Baldio","Uspantan","Quiche",238,"Mil and Pac",7,"","Casos Presentados Anexo II Tomo X",2,"","14-20"
NA,1,1981,"Las Marias","Uspantan","Quiche",238,"Y",5,"","Casos Presentados Anexo II Tomo X",NA,"","14-20"
28,5,1982,"Turbala","Zacualpa","Quiche",227,"Y",7,"","Casos Presentados Anexo II Tomo X",NA,"","14-21"
NA,8,1981,"Chicha","Zacualpa","Quiche",227,"Y",5,"","Casos Presentados Anexo II Tomo X",2,"","14-21"
5,5,1982,"Tunaja","Zacualpa","Quiche",227,"Y",7,"","Casos Presentados Anexo II Tomo X",NA,"","14-21"
10,7,1982,"Xicalcal","Zacualpa","Quiche",227,"Mil and Pac",5,"One family","Casos Presentados Anexo II Tomo X",NA,"","14-21"
NA,3,1981,"Potreto Viejo","Zacualpa","Quiche",227,"Y",8,"","Casos Presentados Anexo II Tomo X",NA,"","14-21"
7,10,1981,"Tunaja","Zacualpa","Quiche",227,"Y",6,"","Casos Presentados Anexo II Tomo X",NA,"","14-21"
18,5,1982,"Chuchuca","Zacualpa","Quiche",227,"Y",9,"","Casos Presentados Anexo II Tomo X",NA,"","14-21"
12,3,1982,"Chuchuca","Zacualpa","Quiche",227,"Y",11,"","Casos Presentados Anexo II Tomo X",NA,"","14-21"
15,1,1984,"Pasacjoc","Zacualpa","Quiche",227,"Mil and Pac",21,"","Casos Presentados Anexo II Tomo X",NA,"","14-21"
29,7,1981,"Tzimatzatz","Zacualpa","Quiche",227,"Y",27,"","Casos Presentados Anexo II Tomo X",NA,"","14-21"
3,1,1983,"Chuchuca","Zacualpa","Quiche",227,"Mil and Pac",31,"","Casos Presentados Anexo II Tomo X",NA,"","14-21"
13,3,1981,"San Jose Sinache","Zacualpa","Quiche",227,"Y",15,"","Casos Presentados Anexo II Tomo X",NA,"","14-21"
18,2,1983,"Tunaja","Zacualpa","Quiche",227,"Mil and Pac",8,"","Casos Presentados Anexo II Tomo X",NA,"","14-21"
15,1,1982,"Chuchuca","Zacualpa","Quiche",227,"Mil and Pac",6,"","Casos Presentados Anexo II Tomo X",NA,"","14-21"
NA,5,1982,"Turbala","Zacualpa","Quiche",227,"Y",9,"","Casos Presentados Anexo II Tomo X",NA,"","14-21"
NA,8,1981,"","Zacualpa","Quiche",227,"Mil and Pac",6,"","Casos Presentados Anexo II Tomo X",NA,"","14-21"
20,5,1982,"Chicha","Zacualpa","Quiche",227,"Y",10,"","Casos Presentados Anexo II Tomo X",NA,"","14-21"
NA,4,1981,"","Zacualpa","Quiche",227,"Y",15,"","Casos Presentados Anexo II Tomo X",NA,"","14-21"
25,3,1983,"Tunaja","Zacualpa","Quiche",227,"Y",5,"","Casos Presentados Anexo II Tomo X",NA,"","14-21"
28,1,1984,"Pasacjoc","Zacualpa","Quiche",227,"Y",14,"","Casos Presentados Anexo II Tomo X",NA,"","14-21"
NA,12,1982,"Potreto Viejo","Zacualpa","Quiche",227,"Y",26,"","Casos Presentados Anexo II Tomo X",NA,"","14-21"
22,11,1982,"Tuluche","Chiche","Quiche",225,"Y",432,"","Casos Presentados Anexo II Tomo X",2,"","14-4"
NA,NA,1983,"Las Cenas","La Reforma","San Marcos",184,"Y",7,"","Casos Presentados Anexo II Tomo XI",NA,"","17-10"
3,8,1984,"Barrican","San Marcos","San Marcos",164,"Y",34,"","Casos Presentados Anexo II Tomo XI",NA,"","17-21"
NA,NA,1980,"Tabuj","San Pablo","San Marcos",182,"Y",31,"","Casos Presentados Anexo II Tomo XI",NA,"","17-23"
23,3,1983,"La Ingualidad","San Pablo","San Marcos",182,"Y",5,"","Casos Presentados Anexo II Tomo XI",NA,"","17-23"
NA,NA,1982,"San Pablo Prez","San Pedro Sacatepequez","San Marcos",165,"Y",25,"","Casos Presentados Anexo II Tomo XI",NA,"","17-24"
NA,1,1982,"San Fransisco El Tablenas","San Pedro Sacatepequez","San Marcos",165,"Y",5,"","Casos Presentados Anexo II Tomo XI",NA,"","17-24"
NA,NA,1983,"Los Romero","Tajumulco","San Marcos",172,"Y",16,"","Casos Presentados Anexo II Tomo XI",NA,"","17-29"
NA,NA,1981,"Tacana","Tajumulco","San Marcos",172,"Y",17,"","Casos Presentados Anexo II Tomo XI",NA,"","17-29"
21,4,1982,"Xolbuiez","Tajumulco","San Marcos",172,"Y",8,"One family","Casos Presentados Anexo II Tomo XI",NA,"","17-29"
25,7,1983,"Xalhuita","Tajumulco","San Marcos",172,"Y",9,"","Casos Presentados Anexo II Tomo XI",NA,"","17-29"
25,11,1983,"Montecristo","Tajumulco","San Marcos",172,"Y",8,"","Casos Presentados Anexo II Tomo XI",NA,"","17-29"
27,12,1981,"Los Delicias","Tejutla","San Marcos",173,"Y",23,"","Casos Presentados Anexo II Tomo XI",NA,"","17-30"
NA,NA,1982,"Pachuabaj","Concepcion","Solola",90,"Y",11,"","Casos Presentados Anexo II Tomo XI",NA,"","19-1"
28,6,1982,"Pajujilon","Concepcion","Solola",90,"Mil and Pac",22,"","Casos Presentados Anexo II Tomo XI",NA,"","19-1"
NA,NA,1984,"","Santa Lucia Utatlan","Solola",86,"Y",11,"","Casos Presentados Anexo II Tomo XI",NA,"","19-16"
28,6,1982,"El Triunto","Solola","Solola",83,"Y",9,"","Casos Presentados Anexo II Tomo XI",NA,"","19-19"
13,7,1982,"Nueva Empenzana","Solola","Solola",83,"Y",11,"","Casos Presentados Anexo II Tomo XI",NA,"","19-19"
NA,5,1982,"Pajujil II","Solola","Solola",83,"Y",6,"","Casos Presentados Anexo II Tomo XI",NA,"","19-19"
15,12,1981,"Carmen","Solola","Solola",83,"Y",5,"One family","Casos Presentados Anexo II Tomo XI",NA,"","19-19"
4,4,1982,"El Adelamno","Solola","Solola",83,"Y",30,"","Casos Presentados Anexo II Tomo XI",NA,"","19-19"
7,8,1982,"El Trempas","Solola","Solola",83,"Y",9,"","Casos Presentados Anexo II Tomo XI",NA,"","19-19"
22,2,1982,"El Adelamno","Solola","Solola",83,"Y",17,"","Casos Presentados Anexo II Tomo XI",NA,"","19-19"
NA,NA,1982,"El Capodo","Santo Domingo Suchitepequez","Suchitepequez",139,"Y",NA,"","Casos Presentados Anexo II Tomo XI",NA,"","20-19"
3,6,1982,"Mayalan","Ixcan","Quiche",238,"Y",106,"says 1983, could be a typo","Casos Presentados Anexo II Tomo X",2,"","14-20"
