"MUNID","OID_","DEPT","ID","DID","FULLNAME","MUNICIPIO","DEPARTMENT","LAT","LON","CENID","DPTMUN73","SEVENP81","TOTPOP81","PCIND81","PCLIT81","PCIND73","TOTPOP73","SEVENP73","PCLIT73","full"
326,NA,1,1,1,"Guatemala City, Guatemala","Ciudad de Guatemala","Guatemala",14.38,-90.33,NA,NA,616263,754243,0.067727273,0.868681818,0.069454545,700460,576244,0.813045455,"Guatemala // Ciudad de Guatemala"
1,NA,1,23,23,"Santa Catarina Pinula , Guatemala","Santa Catarina Pinula","Guatemala",14.566699,-90.5,123,123,13580,17387,0.015,0.797,0.04,12934,10115,0.627,"Guatemala // Santa Catarina Pinula"
2,NA,1,24,24,"San Jose Pinula , Guatemala","San Jose Pinula","Guatemala",14.55,-90.416702,124,124,11527,15132,0.016,0.684,0.043,13297,9887,0.477,"Guatemala // San Jose Pinula"
3,NA,1,25,25,"San Jose El Golfo , Guatemala","San Jose del Golfo","Guatemala",14.75,-90.366699,125,125,2394,3121,0.009,0.721,0.003,3329,2673,0.604,"Guatemala // San Jose del Golfo"
4,NA,1,26,26,"Palencia , Guatemala","Palencia","Guatemala",14.6667,-90.349998,126,126,17021,22649,0.011,0.581,0.01,18932,13871,0.391,"Guatemala // Palencia"
5,NA,1,27,27,"Chinautla , Guatemala","Chinautla","Guatemala",14.699999,-90.5,127,127,32626,41682,0.154,0.794,0.151,32763,25576,0.699,"Guatemala // Chinautla"
6,NA,1,28,28,"San Pedro Ayampuc , Guatemala","San Pedro Ayampuc","Guatemala",14.7833,-90.449996,128,128,9059,11878,0.406,0.473,0.506,10481,7845,0.375,"Guatemala // San Pedro Ayampuc"
7,NA,1,29,29,"Mixco , Guatemala","Mixco","Guatemala",14.633299,-90.599998,129,129,157124,197741,0.116,0.868,0.178,129878,99921,0.772,"Guatemala // Mixco"
8,NA,1,30,30,"San Pedro Sacatepequez , Guatemala","San Pedro Sacatepequez","Guatemala",14.6833,-90.650001,130,130,9936,12741,0.929,0.498,0.962,10714,8238,0.373,"Guatemala // San Pedro Sacatepequez"
9,NA,1,31,31,"San Juan Sacatepequez , Guatemala","San Juan Sacatepequez","Guatemala",14.716699,-90.650001,131,131,37919,49848,0.855,0.386,0.874,43116,32912,0.271,"Guatemala // San Juan Sacatepequez"
10,NA,1,32,32,"San Raimundo , Guatemala","San Raymundo","Guatemala",14.766699,-90.599998,132,132,8516,11168,0.744,0.488,0.713,9225,7282,0.417,"Guatemala // San Raymundo"
11,NA,1,33,33,"Chuarrancho , Guatemala","Chuarrancho","Guatemala",14.816699,-90.5,133,133,5131,6744,0.812,0.245,0.801,6985,5372,0.183,"Guatemala // Chuarrancho"
12,NA,1,34,34,"Fraijanes , Guatemala","Fraijanes","Guatemala",14.466699,-90.433296,134,134,8066,10324,0.023,0.694,0.004,7682,5654,0.553,"Guatemala // Fraijanes"
13,NA,1,35,35,"Amatitlan , Guatemala","Amatitlan","Guatemala",14.4833,-90.616699,135,135,25547,32885,0.03,0.726,0.055,26412,20608,0.647,"Guatemala // Amatitlan"
14,NA,1,36,36,"Villa Nueva , Guatemala","Villa Nueva","Guatemala",14.516699,-90.583297,136,136,55432,71069,0.049,0.827,0.106,42082,33076,0.697,"Guatemala // Villa Nueva"
15,NA,1,37,37,"Villa Canales , Guatemala","Villa Canales","Guatemala",14.4833,-90.533302,137,137,30189,39309,0.017,0.653,0.017,31774,24409,0.516,"Guatemala // Villa Canales"
16,NA,1,38,38,"Petapa , Guatemala","San Miguel Petapa","Guatemala",14.5,-90.566703,138,138,10232,13271,0.031,0.805,0.045,8078,6080,0.655,"Guatemala // San Miguel Petapa"
17,NA,2,39,1,"El Progreso , El Progreso","Guastatoya","El Progreso",14.85,-90.066703,201,201,8991,11531,0.009,0.688,0.006,11048,8636,0.556,"El Progreso // Guastatoya"
18,NA,2,40,2,"Morazan , El Progreso","Morazan","El Progreso",14.9333,-90.150001,202,202,5603,7324,0.005,0.571,0.029,7080,5192,0.427,"El Progreso // Morazan"
19,NA,2,41,3,"San Angustin Acasaguastlan , El Progreso","San Agustin Acasaguastlan","El Progreso",14.949999,-89.966697,203,203,14921,19657,0.007,0.542,0.013,17344,13089,0.393,"El Progreso // San Agustin Acasaguastlan"
20,NA,2,42,4,"San Cristobal Acasaguastla , El Progreso","San Cristobal Acasaguastlan","El Progreso",14.9167,-89.8833,204,204,2622,3442,0.005,0.701,0.004,3124,2269,0.616,"El Progreso // San Cristobal Acasaguastlan"
21,NA,2,43,5,"El Jicaro , El Progreso","El Jicaro","El Progreso",14.8667,-90.2667,205,205,5353,6962,0.006,0.659,0.049,6197,5012,0.567,"El Progreso // El Jicaro"
22,NA,2,44,6,"Sansare , El Progreso","Sansare","El Progreso",14.75,-90.116699,206,206,5527,7268,0.008,0.623,0.01,6559,5133,0.487,"El Progreso // Sansare"
23,NA,2,45,7,"Sanarate , El Progreso","Sanarate","El Progreso",14.7833,-90.199996,207,207,13769,17912,0.007,0.685,0.005,15253,11590,0.542,"El Progreso // Sanarate"
24,NA,2,46,8,"San Antonio La Paz , El Progreso","San Antonio La Paz","El Progreso",14.75,-90.283302,208,208,5384,7092,0.005,0.615,0.001,6517,4845,0.451,"El Progreso // San Antonio La Paz"
25,NA,3,47,1,"Antigua Guatemala , Sacatepequez","Antigua Guatemala","Sacatepequez",14.566699,-90.733299,301,301,21925,27258,0.095,0.844,0.13,26945,22017,0.78,"Sacatepequez // Antigua Guatemala"
26,NA,3,48,2,"Jocotenango , Sacatepequez","Jocotenango","Sacatepequez",14.583299,-90.733299,302,302,5432,7411,0.076,0.832,0.215,3426,2676,0.654,"Sacatepequez // Jocotenango"
27,NA,3,49,3,"Pastores , Sacatepequez","Pastores","Sacatepequez",14.6,-90.75,303,303,4292,5548,0.063,0.781,0.156,4592,3569,0.672,"Sacatepequez // Pastores"
28,NA,3,50,4,"Sumpango , Sacatepequez","Sumpango","Sacatepequez",14.649999,-90.733299,304,304,9841,13072,0.958,0.537,0.95,10232,7904,0.382,"Sacatepequez // Sumpango"
29,NA,3,51,5,"Santo Domingo Xenacoj , Sacatepequez","Santo Domingo Xenacoj","Sacatepequez",14.6833,-90.699996,305,305,2799,3648,0.943,0.542,0.944,2759,2112,0.415,"Sacatepequez // Santo Domingo Xenacoj"
30,NA,3,52,6,"Santiago Sacatepequez , Sacatepequez","Santiago Sacatepequez","Sacatepequez",14.633299,-90.683296,306,306,7337,9658,0.902,0.595,0.897,7943,6061,0.445,"Sacatepequez // Santiago Sacatepequez"
31,NA,3,53,7,"San Bartolome Milpas Altas , Sacatepequez","San Bartolome Milpas Altas","Sacatepequez",14.6,-90.683296,307,307,1521,1970,0.534,0.845,0.672,1513,1206,0.86,"Sacatepequez // San Bartolome Milpas Altas"
32,NA,3,54,8,"San Lucas Sacatepequez , Sacatepequez","San Lucas Sacatepequez","Sacatepequez",14.6167,-90.666702,308,308,4611,6003,0.35,0.75,0.314,4344,3485,0.719,"Sacatepequez // San Lucas Sacatepequez"
33,NA,3,55,9,"Santa Lucia Milpas Altas , Sacatepequez","Santa Lucia Milpas Altas","Sacatepequez",14.583299,-90.683296,309,309,2651,3557,0.101,0.81,0.115,2649,1875,0.741,"Sacatepequez // Santa Lucia Milpas Altas"
34,NA,3,56,10,"Magdalena Milpas Altas , Sacatepequez","Magdalena Milpas Altas","Sacatepequez",14.55,-90.683296,310,310,2887,3860,0.462,0.83,0.26,2921,2265,0.617,"Sacatepequez // Magdalena Milpas Altas"
35,NA,3,57,11,"Santa Maria de Jesus , Sacatepequez","Santa Maria de Jesus","Sacatepequez",14.5,-90.716697,311,311,6305,8364,0.982,0.549,0.977,7144,5445,0.38,"Sacatepequez // Santa Maria de Jesus"
36,NA,3,58,12,"Ciudad Vieja , Sacatepequez","Ciudad Vieja","Sacatepequez",14.516699,-90.7667,312,312,8842,11514,0.074,0.731,0.067,8922,6976,0.553,"Sacatepequez // Ciudad Vieja"
37,NA,3,59,13,"San Miguel Duenas , Sacatepequez","San Miguel Duenas","Sacatepequez",14.516699,-90.800003,313,313,3649,4751,0.448,0.667,0.339,4215,3121,0.579,"Sacatepequez // San Miguel Duenas"
38,NA,3,60,14,"Alotenango , Sacatepequez","Alotenango","Sacatepequez",14.4833,-90.800003,314,314,6824,8816,0.713,0.619,0.703,7371,5715,0.467,"Sacatepequez // Alotenango"
39,NA,3,61,15,"San Antonio Aguas Calientes , Sacatepequez","San Antonio Aguas Calientes","Sacatepequez",14.5333,-90.7667,315,315,3554,4527,0.964,0.844,0.959,3866,3174,0.678,"Sacatepequez // San Antonio Aguas Calientes"
40,NA,3,62,16,"Santa Catarina Barahona , Sacatepequez","Santa Catarina Barahona","Sacatepequez",14.55,-90.783302,316,316,1136,1437,0.958,0.901,0.929,1146,924,0.583,"Sacatepequez // Santa Catarina Barahona"
41,NA,4,63,1,"Chimaltenango , Chimaltenango","Chimaltenango","Chimaltenango",14.6667,-90.816703,401,401,20514,27017,0.663,0.676,0.651,20194,15798,0.547,"Chimaltenango // Chimaltenango"
42,NA,4,64,2,"San Jose Poaquil , Chimaltenango","San Jose Poaquil","Chimaltenango",14.816699,-90.916702,402,402,8505,11560,0.939,0.418,0.937,9795,7611,0.323,"Chimaltenango // San Jose Poaquil"
43,NA,4,65,3,"San Martin Jilotepeque , Chimaltenango","San Martin Jilotepeque","Chimaltenango",14.7833,-90.783302,403,403,27481,36575,0.866,0.426,0.85,33066,24873,0.302,"Chimaltenango // San Martin Jilotepeque"
44,NA,4,66,4,"Comalapa , Chimaltenango","San Juan Comalapa","Chimaltenango",14.7333,-90.8833,404,404,15680,20422,0.964,0.581,0.96,18163,13440,0.434,"Chimaltenango // San Juan Comalapa"
45,NA,4,67,5,"Santa Apolonia , Chimaltenango","Santa Apolonia","Chimaltenango",14.7833,-90.966697,405,405,4209,5702,0.903,0.478,0.915,4182,3283,0.26,"Chimaltenango // Santa Apolonia"
46,NA,4,68,6,"Tecpan Guatemala , Chimaltenango","Tecpan","Chimaltenango",14.766699,-91,406,406,22148,29564,0.903,0.516,0.882,24181,18013,0.371,"Chimaltenango // Tecpan"
47,NA,4,69,7,"Patzun , Chimaltenango","Patzun","Chimaltenango",14.6833,-91.0167,407,407,17781,23430,0.928,0.52,0.915,18900,14419,0.384,"Chimaltenango // Patzun"
48,NA,4,70,8,"Pochuta , Chimaltenango","Pochuta","Chimaltenango",14.55,-91.083297,408,408,7383,9920,0.743,0.406,0.776,10161,7581,0.366,"Chimaltenango // Pochuta"
49,NA,4,71,9,"Patzicia , Chimaltenango","Patzicia","Chimaltenango",14.633299,-90.933296,409,409,9397,12386,0.862,0.556,0.837,10585,7959,0.292,"Chimaltenango // Patzicia"
50,NA,4,72,10,"Santa Cruz Balanya , Chimaltenango","Santa Cruz Balanya","Chimaltenango",14.6833,-90.916702,410,410,2732,5311,0.645,0.676,0.962,2903,2214,0.583,"Chimaltenango // Santa Cruz Balanya"
51,NA,4,73,11,"Acatenango , Chimaltenango","Acatenango","Chimaltenango",14.55,-90.949996,411,411,8510,11288,0.634,0.492,0.649,10108,7735,0.367,"Chimaltenango // Acatenango"
52,NA,4,74,12,"Yepocapa , Chimaltenango","Yepocapa","Chimaltenango",14.5,-90.949996,412,412,8345,11334,0.65,0.384,0.659,10457,8108,0.339,"Chimaltenango // Yepocapa"
53,NA,4,75,13,"San Andres Itzapa , Chimaltenango","San Andres Itzapa","Chimaltenango",14.6167,-90.849998,413,413,8197,10626,0.72,0.434,0.727,8447,6514,0.32,"Chimaltenango // San Andres Itzapa"
54,NA,4,76,14,"Parramos , Chimaltenango","Parramos","Chimaltenango",14.6167,-90.800003,414,414,2989,3921,0.6,0.613,0.65,3237,2620,0.428,"Chimaltenango // Parramos"
55,NA,4,77,15,"Zaragoza , Chimaltenango","Zaragoza","Chimaltenango",14.649999,-90.8833,415,415,6369,8442,0.25,0.603,0.245,7317,5788,0.386,"Chimaltenango // Zaragoza"
56,NA,4,78,16,"El Tejar , Chimaltenango","El Tejar","Chimaltenango",14.649999,-90.783302,416,416,3148,4265,0.439,0.707,0.373,3039,2243,0.665,"Chimaltenango // El Tejar"
57,NA,5,79,1,"Escuintla , Escuintla","Escuintla","Escuintla",14.3,-90.783302,501,501,58891,75442,0.088,0.686,0.107,64851,50941,0.599,"Escuintla // Escuintla"
58,NA,5,80,2,"Santa Lucia Cotzumalguapa , Escuintla","Santa Lucia Cotzumalguapa","Escuintla",14.333299,-91.0167,502,502,34449,44422,0.178,0.623,0.16,35170,27164,0.531,"Escuintla // Santa Lucia Cotzumalguapa"
59,NA,5,81,3,"La Democracia , Escuintla","La Democracia","Escuintla",14.2333,-90.949996,503,503,10030,13059,0.135,0.49,0.126,11835,9018,0.406,"Escuintla // La Democracia"
60,NA,5,82,4,"Siquinala , Escuintla","Siquinala","Escuintla",14.3,-90.966697,504,504,6081,8646,0.14,0.652,0.252,8005,6078,0.431,"Escuintla // Siquinala"
61,NA,5,83,5,"Masagua , Escuintla","Masagua","Escuintla",14.199999,-90.849998,505,505,15416,20369,0.049,0.54,0.05,18312,13727,0.42,"Escuintla // Masagua"
62,NA,5,84,6,"Pueblo Nuevo Tiquisate , Escuintla","Tiquisate","Escuintla",14.2833,-91.366699,506,506,61710,81988,0.062,0.596,0.054,67555,51280,0.504,"Escuintla // Tiquisate"
63,NA,5,85,7,"La Gomera , Escuintla","La Gomera","Escuintla",14.083299,-91.050003,507,507,23650,31227,0.081,0.56,0.065,24069,17990,0.441,"Escuintla // La Gomera"
64,NA,5,86,8,"Guanagazapa , Escuintla","Guanagazapa","Escuintla",14.2333,-90.650001,508,508,6040,8137,0.024,0.488,0.025,6720,4889,0.42,"Escuintla // Guanagazapa"
65,NA,5,87,9,"San Jose , Escuintla","Puerto San Jose","Escuintla",13.9256,-90.824401,509,509,18318,23613,0.052,0.685,0.052,19662,14778,0.565,"Escuintla // Puerto San Jose"
66,NA,5,88,10,"Iztapa , Escuintla","Iztapa","Escuintla",13.9333,-90.707496,510,510,4976,6547,0.013,0.634,0.023,5439,4000,0.561,"Escuintla // Iztapa"
67,NA,5,89,11,"Palin , Escuintla","Palin","Escuintla",14.399999,-90.699996,511,511,10690,14140,0.367,0.575,0.481,9683,7468,0.478,"Escuintla // Palin"
68,NA,5,90,12,"San Vicente Pacaya , Escuintla","San Vicente Pacaya","Escuintla",14.4167,-90.6333,512,512,5386,7076,0.024,0.562,0.04,5730,4306,0.318,"Escuintla // San Vicente Pacaya"
69,NA,6,91,1,"Cuilapa , Santa Rosa","Cuilapa","Santa Rosa",14.2833,-90.300003,601,601,13064,17014,0.013,0.61,0.018,14127,10520,0.488,"Santa Rosa // Cuilapa"
70,NA,6,92,2,"Barberena , Santa Rosa","Barberena","Santa Rosa",14.3,-90.366699,602,602,17495,22584,0.043,0.564,0.114,21420,16997,0.414,"Santa Rosa // Barberena"
71,NA,6,93,3,"Santa Rosa de Lima , Santa Rosa","Santa Rosa de Lima","Santa Rosa",14.399999,-90.300003,603,603,7077,9390,0.008,0.616,0.014,8197,6209,0.578,"Santa Rosa // Santa Rosa de Lima"
72,NA,6,94,4,"Casillas , Santa Rosa","Casillas","Santa Rosa",14.4167,-90.25,604,604,9302,12253,0.007,0.489,0.004,11187,8285,0.4,"Santa Rosa // Casillas"
73,NA,6,95,5,"San Rafael Las Flores , Santa Rosa","San Rafael las Flores","Santa Rosa",14.466699,-90.183296,605,605,3739,4966,0.004,0.629,0.002,4297,3406,0.499,"Santa Rosa // San Rafael las Flores"
74,NA,6,96,6,"Oratorio , Santa Rosa","Oratorio","Santa Rosa",14.2333,-90.166702,606,606,9269,12270,0.007,0.566,0.002,11773,8856,0.348,"Santa Rosa // Oratorio"
75,NA,6,97,7,"San Juan Tecuaco , Santa Rosa","San Juan Tecuaco","Santa Rosa",14.083299,-90.2667,607,607,3361,4679,0.003,0.533,0.002,3634,2974,0.374,"Santa Rosa // San Juan Tecuaco"
76,NA,6,98,8,"Chiquimulilla , Santa Rosa","Chiquimulilla","Santa Rosa",14.083299,-90.3833,608,608,23151,30248,0.009,0.609,0.077,29057,22018,0.468,"Santa Rosa // Chiquimulilla"
77,NA,6,99,9,"Taxisco , Santa Rosa","Taxisco","Santa Rosa",14.066699,-90.466697,609,609,13772,17992,0.013,0.644,0.09,16339,12123,0.483,"Santa Rosa // Taxisco"
78,NA,6,100,10,"Santa Maria Ixhuatan , Santa Rosa","Santa Maria Ixhuatan","Santa Rosa",14.1833,-90.2667,610,610,10881,14413,0.007,0.573,0.005,13061,9765,0.391,"Santa Rosa // Santa Maria Ixhuatan"
79,NA,6,101,11,"Guazacapan , Santa Rosa","Guazacapan","Santa Rosa",14.066699,-90.416702,611,611,7425,9560,0.348,0.613,0.416,8141,6147,0.497,"Santa Rosa // Guazacapan"
80,NA,6,102,12,"Santa Cruz Naranjo , Santa Rosa","Santa Cruz Naranjo","Santa Rosa",14.383299,-90.366699,612,612,5601,7235,0.008,0.657,0.048,6157,4653,0.524,"Santa Rosa // Santa Cruz Naranjo"
81,NA,6,103,13,"Pueblo Nuevo Vinas , Santa Rosa","Pueblo Nuevo Vinas","Santa Rosa",14.2333,-90.483299,613,613,11063,14553,0.016,0.575,0.043,12882,9836,0.445,"Santa Rosa // Pueblo Nuevo Vinas"
82,NA,6,104,14,"Nueva Santa Rosa , Santa Rosa","Nueva Santa Rosa","Santa Rosa",14.383299,-90.283302,614,614,13130,17011,0.006,0.658,0.006,16887,12594,0.526,"Santa Rosa // Nueva Santa Rosa"
83,NA,7,105,1,"Solola , Solola","Solola","Solola",14.766699,-91.183296,701,701,21631,29188,0.896,0.379,0.909,25819,19161,0.218,"Solola // Solola"
84,NA,7,106,2,"San Jose Chacaya , Solola","San Jose Chacaya","Solola",14.766699,-91.216697,702,702,363,464,0.873,0.468,0.893,652,416,0.627,"Solola // San Jose Chacaya"
85,NA,7,107,3,"Santa Maria Visitacion , Solola","Santa Maria Visitacion","Solola",14.716699,-91.316703,703,703,724,942,0.976,0.696,0.973,824,678,0.459,"Solola // Santa Maria Visitacion"
86,NA,7,108,4,"Santa Lucia Utatlan , Solola","Santa Lucia Utatlan","Solola",14.766699,-91.2667,704,704,7800,10358,0.948,0.458,0.945,7784,6004,0.297,"Solola // Santa Lucia Utatlan"
87,NA,7,109,5,"Nanuala , Solola","Nahuala","Solola",14.85,-91.316703,705,705,20012,26764,0.994,0.275,0.993,21874,16788,0.131,"Solola // Nahuala"
88,NA,7,110,6,"Santa Catarina Ixtahuacan , Solola","Santa Catarina Ixtahuacan","Solola",14.8,-91.366699,706,706,14419,19650,0.993,0.241,0.997,16111,12377,0.124,"Solola // Santa Catarina Ixtahuacan"
89,NA,7,111,7,"Santa Clara La Laguna , Solola","Santa Clara La Laguna","Solola",14.716699,-91.300003,707,707,2593,3433,0.987,0.47,0.975,2767,2148,0.358,"Solola // Santa Clara La Laguna"
90,NA,7,112,8,"Concepcion , Solola","Concepcion","Solola",14.7833,-91.150001,708,708,1336,1790,0.993,0.237,0.995,1498,1161,0.144,"Solola // Concepcion"
91,NA,7,113,9,"San Andres Semetabaj , Solola","San Andres Semetabaj","Solola",14.75,-91.1333,709,709,3421,4481,0.867,0.586,0.86,3524,2844,0.379,"Solola // San Andres Semetabaj"
92,NA,7,114,10,"Panajachel , Solola","Panajachel","Solola",14.7333,-91.150001,710,710,3784,4862,0.706,0.693,0.711,3531,2731,0.55,"Solola // Panajachel"
93,NA,7,115,11,"Santa Catarina Palopo , Solola","Santa Catarina Palopo","Solola",14.716699,-91.1333,711,711,934,1227,0.997,0.286,0.979,1036,819,0.089,"Solola // Santa Catarina Palopo"
94,NA,7,116,12,"San Antonio Palopo , Solola","San Antonio Palopo","Solola",14.699999,-91.116699,712,712,4137,5489,0.92,0.388,0.922,4709,3266,0.151,"Solola // San Antonio Palopo"
95,NA,7,117,13,"San Lucas Toliman , Solola","San Lucas Toliman","Solola",14.633299,-91.1333,713,713,8004,10819,0.875,0.421,0.87,8362,6329,0.237,"Solola // San Lucas Toliman"
96,NA,7,118,14,"Santa Cruz La Laguna , Solola","Santa Cruz La Laguna","Solola",14.75,-91.216697,714,714,1369,1855,0.992,0.126,0.998,1545,1142,0.234,"Solola // Santa Cruz La Laguna"
97,NA,7,119,15,"San Pablo La Laguna , Solola","San Pablo La Laguna","Solola",14.716699,-91.2667,715,715,2080,2811,0.998,0.307,0.997,2040,1509,0.212,"Solola // San Pablo La Laguna"
98,NA,7,120,16,"San Marcos La Laguna , Solola","San Marcos La Laguna","Solola",14.716699,-91.2667,716,716,708,927,0.987,0.462,0.993,836,692,0.438,"Solola // San Marcos La Laguna"
99,NA,7,121,17,"San Juan La Laguna , Solola","San Juan La Laguna","Solola",14.699999,-91.283302,717,717,2856,3853,0.99,0.509,0.979,3074,2245,0.31,"Solola // San Juan La Laguna"
100,NA,7,122,18,"San Pedro La Laguna , Solola","San Pedro La Laguna","Solola",14.6833,-91.2667,718,718,4518,5684,0.985,0.504,0.982,4726,3728,0.37,"Solola // San Pedro La Laguna"
101,NA,7,123,19,"Santiago Atitlan , Solola","Santiago Atitlan","Solola",14.633299,-91.233299,719,719,14847,19652,0.953,0.237,0.959,16556,12474,0.169,"Solola // Santiago Atitlan"
102,NA,8,124,1,"Totonicapan , Totonicapan","Totonicapan","Totonicapan",14.9167,-91.366699,801,801,48150,62407,0.951,0.512,0.953,52688,40441,0.339,"Totonicapan // Totonicapan"
103,NA,8,125,2,"San Cristobal Totonicapan , Totonicapan","San Cristobal Totonicapan","Totonicapan",14.9167,-91.433296,802,802,15376,19970,0.933,0.496,0.942,16623,12826,0.343,"Totonicapan // San Cristobal Totonicapan"
104,NA,8,126,3,"San Francisco El Alto , Totonicapan","San Francisco El Alto","Totonicapan",14.949999,-91.449996,803,803,19114,25419,0.989,0.482,0.993,19329,14559,0.252,"Totonicapan // San Francisco El Alto"
105,NA,8,127,4,"San Andres Xecul , Totonicapan","San Andres Xecul","Totonicapan",14.899999,-91.483299,804,804,8475,11661,0.996,0.359,0.994,9104,6556,0.234,"Totonicapan // San Andres Xecul"
106,NA,8,128,5,"Momostenango , Totonicapan","Momostenango","Totonicapan",15.0436,-91.408599,805,805,39472,53418,0.985,0.401,0.983,43398,32887,0.223,"Totonicapan // Momostenango"
107,NA,8,129,6,"Santa Maria Chiquimula , Totonicapan","Santa Maria Chiquimula","Totonicapan",15.0303,-91.3292,806,806,14632,19433,0.992,0.252,0.987,15161,11342,0.108,"Totonicapan // Santa Maria Chiquimula"
108,NA,8,130,7,"Santa Lucia La Reforma , Totonicapan","Santa Lucia La Reforma","Totonicapan",15.128299,-91.235603,807,807,4987,6807,0.989,0.192,0.991,5895,4429,0.051,"Totonicapan // Santa Lucia La Reforma"
109,NA,8,131,8,"San Bartolo , Totonicapan","San Bartolo","Totonicapan",15.0844,-91.455802,808,808,3847,5304,0.981,0.61,0.973,4611,3584,0.465,"Totonicapan // San Bartolo"
110,NA,9,132,1,"Quetzaltenango , Quetzaltenango","Quetzaltenango","Quetzaltenango",14.833299,-91.5167,901,901,58882,72922,0.503,0.804,0.52,65526,53300,0.729,"Quetzaltenango // Quetzaltenango"
111,NA,9,133,2,"Salcaja , Quetzaltenango","Salcaja","Quetzaltenango",14.883299,-91.449996,902,902,7980,10143,0.316,0.737,0.275,8046,6116,0.673,"Quetzaltenango // Salcaja"
112,NA,9,134,3,"Olintepeque , Quetzaltenango","Olintepeque","Quetzaltenango",14.883299,-91.5167,903,903,8979,11962,0.922,0.601,0.921,10394,7634,0.379,"Quetzaltenango // Olintepeque"
113,NA,9,135,4,"San Carlos Sija , Quetzaltenango","San Carlos Sija","Quetzaltenango",14.9833,-91.550003,904,904,14269,18953,0.343,0.602,0.361,16242,11988,0.431,"Quetzaltenango // San Carlos Sija"
114,NA,9,136,5,"Sibilia , Quetzaltenango","Sibilia","Quetzaltenango",15,-91.616699,905,905,4547,6090,0.165,0.649,0.154,4908,3556,0.568,"Quetzaltenango // Sibilia"
115,NA,9,137,6,"Cabrican , Quetzaltenango","Cabrican","Quetzaltenango",15.133299,-91.616699,906,906,7145,10016,0.91,0.476,0.854,7364,5549,0.378,"Quetzaltenango // Cabrican"
116,NA,9,138,7,"Cajola , Quetzaltenango","Cajola","Quetzaltenango",14.9167,-91.616699,907,907,4663,6369,0.932,0.227,0.933,5434,4391,0.148,"Quetzaltenango // Cajola"
117,NA,9,139,8,"San Miguel Siguila , Quetzaltenango","San Miguel Siguila","Quetzaltenango",14.899999,-91.616699,908,908,2090,2839,0.945,0.481,0.949,2373,1901,0.227,"Quetzaltenango // San Miguel Siguila"
118,NA,9,140,9,"Ostuncalco , Quetzaltenango","San Juan Ostuncalco","Quetzaltenango",14.8667,-91.616699,909,909,17293,23298,0.835,0.401,0.824,18549,14492,0.27,"Quetzaltenango // San Juan Ostuncalco"
119,NA,9,141,10,"San Mateo , Quetzaltenango","San Mateo","Quetzaltenango",14.8667,-91.583297,910,910,1104,1462,0.754,0.76,0.805,1275,946,0.652,"Quetzaltenango // San Mateo"
120,NA,9,142,11,"Concepcion Chiquirichapa , Quetzaltenango","Concepcion Chiquirichapa","Quetzaltenango",14.85,-91.616699,911,911,6027,8055,0.985,0.405,0.977,6404,4692,0.266,"Quetzaltenango // Concepcion Chiquirichapa"
121,NA,9,143,12,"San Martin Sacatepequez , Quetzaltenango","San Martin Sacatepequez","Quetzaltenango",14.816699,-91.650001,912,912,7213,9764,0.94,0.275,0.882,8187,6236,0.233,"Quetzaltenango // San Martin Sacatepequez"
122,NA,9,144,13,"Almolonga , Quetzaltenango","Almolonga","Quetzaltenango",14.816699,-91.5,913,913,6027,8018,0.99,0.379,0.985,7261,5480,0.249,"Quetzaltenango // Almolonga"
123,NA,9,145,14,"Cantel , Quetzaltenango","Cantel","Quetzaltenango",14.816699,-91.449996,914,914,12676,16561,0.935,0.708,0.931,13872,10571,0.561,"Quetzaltenango // Cantel"
124,NA,9,146,15,"Huitan , Quetzaltenango","Huitan","Quetzaltenango",15.1,-91.616699,915,915,3623,5026,0.882,0.41,0.882,3671,2808,0.244,"Quetzaltenango // Huitan"
125,NA,9,147,16,"Zunil , Quetzaltenango","Zunil","Quetzaltenango",14.7833,-91.483299,916,916,5356,7009,0.917,0.395,0.907,5741,4550,0.291,"Quetzaltenango // Zunil"
126,NA,9,148,17,"Colomba , Quetzaltenango","Colomba Costa Cuca","Quetzaltenango",14.716699,-91.733299,917,917,23998,32487,0.512,0.553,0.665,29535,22106,0.455,"Quetzaltenango // Colomba Costa Cuca"
127,NA,9,149,18,"San Francisco La Union , Quetzaltenango","San Francisco La Union","Quetzaltenango",14.9167,-91.533302,918,918,3892,5220,0.982,0.565,0.995,4079,2970,0.377,"Quetzaltenango // San Francisco La Union"
128,NA,9,150,19,"El Palmar , Quetzaltenango","El Palmar","Quetzaltenango",14.649999,-91.583297,919,919,11377,15647,0.647,0.519,0.625,13339,9954,0.42,"Quetzaltenango // El Palmar"
129,NA,9,151,20,"Coatepeque , Quetzaltenango","Coatepeque","Quetzaltenango",14.699999,-91.866699,920,920,38257,50106,0.337,0.621,0.412,44859,33978,0.507,"Quetzaltenango // Coatepeque"
130,NA,9,152,21,"Genova , Quetzaltenango","Genova","Quetzaltenango",14.6167,-91.833297,921,921,15475,20689,0.586,0.426,0.678,16687,12790,0.356,"Quetzaltenango // Genova"
131,NA,9,153,22,"Flores Costa Cuca , Quetzaltenango","Flores Costa Cuca","Quetzaltenango",14.649999,-91.816703,922,922,8817,11768,0.393,0.54,0.382,8612,6679,0.371,"Quetzaltenango // Flores Costa Cuca"
132,NA,9,154,23,"La Esperanza , Quetzaltenango","La Esperanza","Quetzaltenango",14.8667,-91.566703,923,923,3608,4826,0.803,0.711,0.838,4016,3049,0.574,"Quetzaltenango // La Esperanza"
133,NA,9,155,24,"Palestina de Los Altos , Quetzaltenango","Palestina de Los Altos","Quetzaltenango",14.9333,-91.699996,924,924,5755,7719,0.617,0.393,0.587,6413,4886,0.374,"Quetzaltenango // Palestina de Los Altos"
134,NA,10,156,1,"Mazatenango , Suchitepequez","Mazatenango","Suchitepequez",14.5333,-91.5,1001,1001,29892,38181,0.261,0.716,0.294,36987,29438,0.611,"Suchitepequez // Mazatenango"
135,NA,10,157,2,"Cuyotenango , Suchitepequez","Cuyotenango","Suchitepequez",14.5333,-91.566703,1002,1002,18561,24710,0.412,0.526,0.465,20814,15690,0.397,"Suchitepequez // Cuyotenango"
136,NA,10,158,3,"San Francisco Zapotitlan , Suchitepequez","San Francisco Zapotitlan","Suchitepequez",14.583299,-91.5167,1003,1003,6864,8978,0.423,0.589,0.637,8545,6389,0.373,"Suchitepequez // San Francisco Zapotitlan"
137,NA,10,159,4,"San Bernardino , Suchitepequez","San Bernardino","Suchitepequez",14.5333,-91.449996,1004,1004,3214,4127,0.775,0.391,0.807,3869,3030,0.309,"Suchitepequez // San Bernardino"
138,NA,10,160,5,"San Jose El Idolo , Suchitepequez","San Jose El Idolo","Suchitepequez",14.449999,-91.416702,1005,1005,4024,5319,0.491,0.543,0.296,4389,3445,0.452,"Suchitepequez // San Jose El Idolo"
139,NA,10,161,6,"Santo Domingo Suchitepequez , Suchitepequez","Santo Domingo Suchitepequez","Suchitepequez",14.466699,-91.483299,1006,1006,15736,20984,0.54,0.494,0.422,17219,13094,0.401,"Suchitepequez // Santo Domingo Suchitepequez"
140,NA,10,162,7,"San Lorenzo , Suchitepequez","San Lorenzo","Suchitepequez",14.4833,-91.5167,1007,1007,4129,5550,0.724,0.508,0.658,4874,3843,0.43,"Suchitepequez // San Lorenzo"
142,NA,10,163,8,"Samayac , Suchitepequez","Samayac","Suchitepequez",14.583299,-91.466697,1008,1008,7225,9355,0.762,0.459,0.808,7720,6051,0.443,"Suchitepequez // Samayac"
143,NA,10,164,9,"San Pablo Jocopilas , Suchitepequez","San Pablo Jocopilas","Suchitepequez",14.583299,-91.449996,1009,1009,6567,8847,0.796,0.513,0.826,6551,5008,0.371,"Suchitepequez // San Pablo Jocopilas"
144,NA,10,165,10,"San Antonio Suchitepequez , Suchitepequez","San Antonio Suchitepequez","Suchitepequez",14.5333,-91.416702,1010,1010,17268,22787,0.719,0.461,0.662,17122,13137,0.424,"Suchitepequez // San Antonio Suchitepequez"
145,NA,10,166,11,"San Miguel Panan , Suchitepequez","San Miguel Panan","Suchitepequez",14.5333,-91.366699,1011,1011,3158,4227,0.872,0.459,0.872,3255,2304,0.211,"Suchitepequez // San Miguel Panan"
146,NA,10,167,12,"San Gabriel , Suchitepequez","San Gabriel","Suchitepequez",14.516699,-91.5167,1012,1012,1557,2065,0.753,0.561,0.813,1655,1190,0.392,"Suchitepequez // San Gabriel"
147,NA,10,168,13,"Chicacao , Suchitepequez","Chicacao","Suchitepequez",14.5333,-91.316703,1013,1013,21337,28786,0.809,0.352,0.837,22444,17343,0.269,"Suchitepequez // Chicacao"
148,NA,10,169,14,"Patulul , Suchitepequez","Patulul","Suchitepequez",14.4167,-91.166702,1014,1014,12240,15834,0.539,0.524,0.509,15718,11749,0.431,"Suchitepequez // Patulul"
149,NA,10,170,15,"Santa Barbara , Suchitepequez","Santa Barbara","Suchitepequez",14.4333,-91.233299,1015,1015,9299,12456,0.661,0.374,0.677,11912,9133,0.291,"Suchitepequez // Santa Barbara"
150,NA,10,171,16,"San Juan Bautista , Suchitepequez","San Juan Bautista","Suchitepequez",14.4167,-91.183296,1016,1016,2115,2782,0.262,0.542,0.21,2173,1681,0.473,"Suchitepequez // San Juan Bautista"
151,NA,10,172,17,"Santo Tomas La Union , Suchitepequez","Santo Tomas La Union","Suchitepequez",14.633299,-91.3833,1017,1017,3744,4999,0.763,0.491,0.767,4087,3120,0.351,"Suchitepequez // Santo Tomas La Union"
152,NA,10,173,18,"Zunilito , Suchitepequez","Zunilito","Suchitepequez",14.6167,-91.5167,1018,1018,1933,2582,0.318,0.565,0.817,1932,1513,0.532,"Suchitepequez // Zunilito"
153,NA,10,174,19,"Pueblo Nuevo , Suchitepequez","Pueblo Nuevo","Suchitepequez",14.649999,-91.533302,1019,1019,2896,3964,0.793,0.649,0.752,3026,2398,0.528,"Suchitepequez // Pueblo Nuevo"
154,NA,10,175,20,"Rio Bravo , Suchitepequez","Rio Bravo","Suchitepequez",14.399999,-91.316703,1020,1020,8406,11021,0.402,0.467,0.404,7961,5844,0.367,"Suchitepequez // Rio Bravo"
155,NA,11,176,1,"Retalhuleu , Retalhuleu","Retalhuleu","Retalhuleu",14.5333,-91.683296,1101,1101,35998,46652,0.162,0.66,0.206,38207,29256,0.556,"Retalhuleu // Retalhuleu"
156,NA,11,177,2,"San Sebastian , Retalhuleu","San Sebastian","Retalhuleu",14.566699,-91.650001,1102,1102,9697,12782,0.579,0.602,0.549,9738,7467,0.394,"Retalhuleu // San Sebastian"
157,NA,11,178,3,"Santa Cruz Mulua , Retalhuleu","Santa Cruz Mulua","Retalhuleu",14.583299,-91.616699,1103,1103,4315,5818,0.415,0.619,0.367,4982,3726,0.484,"Retalhuleu // Santa Cruz Mulua"
158,NA,11,179,4,"San Martin Zapotitlan , Retalhuleu","San Martin Zapotitlan","Retalhuleu",14.6,-91.599998,1104,1104,2573,3500,0.394,0.627,0.304,2456,1847,0.506,"Retalhuleu // San Martin Zapotitlan"
159,NA,11,180,5,"San Felipe , Retalhuleu","San Felipe","Retalhuleu",14.6167,-91.599998,1105,1105,7980,10591,0.406,0.642,0.224,9843,7712,0.585,"Retalhuleu // San Felipe"
160,NA,11,181,6,"San Andres Villa Seca , Retalhuleu","San Andres Villa Seca","Retalhuleu",14.566699,-91.583297,1106,1106,16450,22245,0.332,0.535,0.372,21618,16068,0.381,"Retalhuleu // San Andres Villa Seca"
161,NA,11,182,7,"Champerico , Retalhuleu","Champerico","Retalhuleu",14.3,-91.916702,1107,1107,11187,14855,0.087,0.632,0.086,12866,9716,0.495,"Retalhuleu // Champerico"
162,NA,11,183,8,"Nuevo San Carlos , Retalhuleu","Nuevo San Carlos","Retalhuleu",14.6,-91.699996,1108,1108,14375,19406,0.231,0.535,0.334,15850,12526,0.416,"Retalhuleu // Nuevo San Carlos"
163,NA,11,184,9,"El Asintal , Retalhuleu","El Asintal","Retalhuleu",14.6,-91.733299,1109,1109,11208,15074,0.719,0.496,0.794,11675,8920,0.371,"Retalhuleu // El Asintal"
164,NA,12,185,1,"San Marcos , San Marcos","San Marcos","San Marcos",14.966699,-91.800003,1201,1201,15289,19963,0.224,0.716,0.242,15862,12380,0.586,"San Marcos // San Marcos"
165,NA,12,186,2,"San Pedro Sacatepequez , San Marcos","San Pedro Sacatepequez","San Marcos",14.966699,-91.7667,1202,1202,28624,37452,0.444,0.642,0.574,31323,24565,0.554,"San Marcos // San Pedro Sacatepequez"
166,NA,12,187,3,"San Antonio Sacatepequez , San Marcos","San Antonio Sacatepequez","San Marcos",14.966699,-91.733299,1203,1203,5821,7846,0.714,0.571,0.87,6443,4885,0.411,"San Marcos // San Antonio Sacatepequez"
167,NA,12,188,4,"Comitancillo , San Marcos","Comitancillo","San Marcos",15.083299,-91.716697,1204,1204,18059,25080,0.984,0.351,0.988,18619,13182,0.235,"San Marcos // Comitancillo"
168,NA,12,189,5,"San Miguel Ixtahuacan , San Marcos","San Miguel Ixtahuacan","San Marcos",15.25,-91.75,1205,1205,12256,17120,0.954,0.366,0.967,13071,9734,0.25,"San Marcos // San Miguel Ixtahuacan"
169,NA,12,190,6,"Concepcion Tutuapa , San Marcos","Concepcion Tutuapa","San Marcos",15.2833,-91.783302,1206,1206,20098,27466,0.971,0.246,0.979,21469,16332,0.136,"San Marcos // Concepcion Tutuapa"
170,NA,12,191,7,"Tacana , San Marcos","Tacana","San Marcos",15.2333,-92.083297,1207,1207,27892,37887,0.743,0.355,0.865,34215,25323,0.26,"San Marcos // Tacana"
171,NA,12,192,8,"Sibinal , San Marcos","Sibinal","San Marcos",15.133299,-92.050003,1208,1208,5854,8101,0.784,0.435,0.884,6636,4820,0.309,"San Marcos // Sibinal"
172,NA,12,193,9,"Tajumulco , San Marcos","Tajumulco","San Marcos",15.083299,-91.8833,1209,1209,16606,22827,0.931,0.269,0.951,18927,14204,0.139,"San Marcos // Tajumulco"
173,NA,12,194,10,"Tejutla , San Marcos","Tejutla","San Marcos",15.1167,-91.800003,1210,1210,12652,17482,0.13,0.791,0.534,14495,10695,0.679,"San Marcos // Tejutla"
174,NA,12,195,11,"San Rafael Pie de la Cuesta , San Marcos","San Rafael Pie de la Cuesta","San Marcos",14.9333,-91.916702,1211,1211,7417,9985,0.156,0.632,0.402,8254,6154,0.514,"San Marcos // San Rafael Pie de la Cuesta"
175,NA,12,196,12,"Nuevo Progreso , San Marcos","Nuevo Progreso","San Marcos",14.8,-91.916702,1212,1212,12889,17532,0.188,0.554,0.454,16144,12562,0.387,"San Marcos // Nuevo Progreso"
176,NA,12,197,13,"El Tumbador , San Marcos","El Tumbador","San Marcos",14.8667,-91.933296,1213,1213,20288,27365,0.245,0.589,0.403,26013,19454,0.468,"San Marcos // El Tumbador"
177,NA,12,198,14,"El Rodeo , San Marcos","San Jose El Rodeo","San Marcos",14.9167,-91.966697,1214,1214,7754,10448,0.11,0.567,0.169,8854,6939,0.426,"San Marcos // San Jose El Rodeo"
178,NA,12,199,15,"Malacatan , San Marcos","Malacatan","San Marcos",14.899999,-92.050003,1215,1215,27957,37471,0.272,0.508,0.475,28923,22069,0.357,"San Marcos // Malacatan"
179,NA,12,200,16,"Catarina , San Marcos","Catarina","San Marcos",14.85,-92.083297,1216,1216,12248,16162,0.102,0.608,0.186,13493,10027,0.474,"San Marcos // Catarina"
180,NA,12,201,17,"Ciudad Tecun Uman , San Marcos","Ayutla","San Marcos",14.6667,-92.150001,1217,1217,8417,11058,0.06,0.718,0.174,9477,7459,0.639,"San Marcos // Ayutla"
181,NA,12,202,18,"Ocos , San Marcos","Ocos","San Marcos",14.5094,-92.193298,1218,1218,10667,14522,0.047,0.57,0.206,10429,7718,0.428,"San Marcos // Ocos"
182,NA,12,203,19,"San Pablo , San Marcos","San Pablo","San Marcos",14.9333,-92,1219,1219,14723,20095,0.439,0.489,0.651,16458,12417,0.376,"San Marcos // San Pablo"
183,NA,12,204,20,"El Quetzal , San Marcos","El Quetzal","San Marcos",14.766699,-91.816703,1220,1220,10342,14132,0.507,0.522,0.626,11672,8985,0.47,"San Marcos // El Quetzal"
184,NA,12,205,21,"La Reforma , San Marcos","La Reforma","San Marcos",14.8,-91.816703,1221,1221,9667,13411,0.425,0.512,0.821,11573,8647,0.416,"San Marcos // La Reforma"
185,NA,12,206,22,"Pajapita , San Marcos","Pajapita","San Marcos",14.716699,-92.033302,1222,1222,6844,9142,0.11,0.62,0.215,7826,5881,0.448,"San Marcos // Pajapita"
186,NA,12,207,23,"Ixchiguan , San Marcos","Ixchiguan","San Marcos",15.199999,-91.8833,1223,1223,7567,10465,0.881,0.429,0.904,7917,5681,0.255,"San Marcos // Ixchiguan"
187,NA,12,208,24,"San Jose Ojetenam , San Marcos","San Jose Ojetenam","San Marcos",15.216699,-91.966697,1224,1224,7939,10791,0.165,0.442,0.304,8725,6718,0.285,"San Marcos // San Jose Ojetenam"
188,NA,12,209,25,"San Cristobal Cucho , San Marcos","San Cristobal Cucho","San Marcos",14.899999,-91.783302,1225,1225,6177,8439,0.932,0.492,0.755,6867,5514,0.457,"San Marcos // San Cristobal Cucho"
189,NA,12,210,26,"Sipacapa , San Marcos","Sipacapa","San Marcos",15.199999,-91.666702,1226,1226,5180,7066,0.685,0.389,0.806,5345,3897,0.235,"San Marcos // Sipacapa"
190,NA,12,211,27,"Esquipulas Palo Gordo , San Marcos","Esquipulas Palo Gordo","San Marcos",14.9333,-91.816703,1227,1227,3110,4154,0.096,0.636,0.078,3763,2959,0.513,"San Marcos // Esquipulas Palo Gordo"
191,NA,12,212,28,"Rio Blanco , San Marcos","Rio Blanco","San Marcos",15.0333,-91.683296,1228,1228,2525,3475,0.283,0.627,0.279,2750,1803,0.501,"San Marcos // Rio Blanco"
192,NA,12,213,29,"San Lorenzo , San Marcos","San Lorenzo","San Marcos",15.0333,-91.733299,1229,1229,3850,5389,0.521,0.578,0.513,4217,3064,0.486,"San Marcos // San Lorenzo"
193,NA,13,214,1,"Huehuetenango , Huehuetenango","Huehuetenango","Huehuetenango",15.3197,-91.470802,1301,1301,28398,36861,0.022,0.734,0.014,30402,23611,0.611,"Huehuetenango // Huehuetenango"
194,NA,13,215,2,"Chiantla , Huehuetenango","Chiantla","Huehuetenango",15.3547,-91.458297,1302,1302,24490,33304,0.121,0.418,0.307,26737,20470,0.323,"Huehuetenango // Chiantla"
195,NA,13,216,3,"Malacatancito , Huehuetenango","Malacatancito","Huehuetenango",15.216699,-91.5167,1303,1303,6933,9231,0.309,0.539,0.25,7486,5596,0.435,"Huehuetenango // Malacatancito"
196,NA,13,217,4,"Cuilco , Huehuetenango","Cuilco","Huehuetenango",15.399999,-91.966697,1304,1304,18132,24898,0.464,0.473,0.505,19999,14579,0.337,"Huehuetenango // Cuilco"
197,NA,13,218,5,"Nenton , Huehuetenango","Nenton","Huehuetenango",15.8,-91.75,1305,1305,11537,15918,0.78,0.306,0.738,12613,9156,0.269,"Huehuetenango // Nenton"
198,NA,13,219,6,"San Pedro Necta , Huehuetenango","San Pedro Necta","Huehuetenango",15.5,-91.7667,1306,1306,9351,12725,0.761,0.394,0.77,11371,8853,0.203,"Huehuetenango // San Pedro Necta"
199,NA,13,220,7,"Jacaltenango , Huehuetenango","Jacaltenango","Huehuetenango",15.6667,-91.733299,1307,1307,13716,18012,0.937,0.558,0.959,15802,11703,0.383,"Huehuetenango // Jacaltenango"
200,NA,13,221,8,"Soloma , Huehuetenango","San Pedro Soloma","Huehuetenango",15.716699,-91.449996,1308,1308,13137,18126,0.934,0.276,0.924,15304,11531,0.15,"Huehuetenango // San Pedro Soloma"
201,NA,13,222,9,"Ixtahuacan , Huehuetenango","San Ildefonso Ixtahuacan","Huehuetenango",15.4167,-91.7667,1309,1309,11347,15455,0.901,0.343,0.904,13745,10180,0.211,"Huehuetenango // San Ildefonso Ixtahuacan"
202,NA,13,223,10,"Santa Barbara , Huehuetenango","Santa Barbara","Huehuetenango",15.316699,-91.616699,1310,1310,6255,8575,0.986,0.137,0.995,6526,4918,0.096,"Huehuetenango // Santa Barbara"
203,NA,13,224,11,"La Libertad , Huehuetenango","La Libertad","Huehuetenango",15.5,-91.833297,1311,1311,12664,17331,0.199,0.38,0.24,14756,10726,0.262,"Huehuetenango // La Libertad"
204,NA,13,225,12,"La Democracia , Huehuetenango","La Democracia","Huehuetenango",15.633299,-91.866699,1312,1312,12220,16844,0.391,0.449,0.46,14099,10335,0.307,"Huehuetenango // La Democracia"
205,NA,13,226,13,"San Miguel Acatan , Huehuetenango","San Miguel Acatan","Huehuetenango",15.699999,-91.616699,1313,1313,12405,16321,0.991,0.221,0.926,15011,11339,0.129,"Huehuetenango // San Miguel Acatan"
206,NA,13,227,14,"San Rafael La Independencia , Huehuetenango","San Rafael La Independencia","Huehuetenango",15.716699,-91.533302,1314,1314,6065,8267,0.995,0.326,0.99,5900,4199,0.221,"Huehuetenango // San Rafael La Independencia"
207,NA,13,228,15,"Todos Santos Cuchumatan , Huehuetenango","Todos Santos Cuchumatan","Huehuetenango",15.516699,-91.616699,1315,1315,8896,12130,0.904,0.249,0.923,10613,8050,0.126,"Huehuetenango // Todos Santos Cuchumatan"
208,NA,13,229,16,"San Juan Atitan , Huehuetenango","San Juan Atitan","Huehuetenango",15.4333,-91.6333,1316,1316,5340,7227,0.979,0.13,0.984,7938,5793,0.104,"Huehuetenango // San Juan Atitan"
209,NA,13,230,17,"Santa Eulalia , Huehuetenango","Santa Eulalia","Huehuetenango",15.733099,-91.456901,1317,1317,11060,15276,0.986,0.298,0.983,14459,10714,0.174,"Huehuetenango // Santa Eulalia"
210,NA,13,231,18,"San Mateo Ixtatan , Huehuetenango","San Mateo Ixtatan","Huehuetenango",15.831899,-91.478103,1318,1318,11879,16048,0.937,0.169,0.944,15632,11574,0.136,"Huehuetenango // San Mateo Ixtatan"
211,NA,13,232,19,"Colotenango , Huehuetenango","Colotenango","Huehuetenango",15.4167,-91.716697,1319,1319,7424,10222,0.952,0.153,0.966,9458,6995,0.045,"Huehuetenango // Colotenango"
212,NA,13,233,20,"San Sebastian Huehuetenango , Huehuetenango","San Sebastian Huehuetenango","Huehuetenango",15.383299,-91.583297,1320,1320,6807,9605,0.946,0.274,0.955,7824,5821,0.131,"Huehuetenango // San Sebastian Huehuetenango"
213,NA,13,234,21,"Tectitan , Huehuetenango","Tectitan","Huehuetenango",15.333299,-92.033302,1321,1321,3046,4227,0.007,0.326,0.678,3144,2380,0.242,"Huehuetenango // Tectitan"
214,NA,13,235,22,"Concepcion , Huehuetenango","Concepcion Huista","Huehuetenango",15.6167,-91.683296,1322,1322,7145,9576,0.879,0.33,0.878,8107,5861,0.236,"Huehuetenango // Concepcion Huista"
215,NA,13,236,23,"San Juan Ixcoy , Huehuetenango","San Juan Ixcoy","Huehuetenango",15.599699,-91.445297,1323,1323,6858,9466,0.932,0.314,0.931,8032,6010,0.146,"Huehuetenango // San Juan Ixcoy"
216,NA,13,237,24,"San Antonio Huista , Huehuetenango","San Antonio Huista","Huehuetenango",15.649999,-91.7667,1324,1324,4464,5964,0.193,0.601,0.251,5680,4426,0.548,"Huehuetenango // San Antonio Huista"
217,NA,13,238,25,"San Sebastian Coatan , Huehuetenango","San Sebastian Coatan","Huehuetenango",15.7333,-91.566703,1325,1325,7228,9970,0.994,0.221,0.994,7316,5492,0.188,"Huehuetenango // San Sebastian Coatan"
218,NA,13,239,26,"Barrillas , Huehuetenango","Santa Cruz Barillas","Huehuetenango",15.8036,-91.315803,1326,1326,23361,32734,0.798,0.301,0.813,28263,20787,0.166,"Huehuetenango // Santa Cruz Barillas"
219,NA,13,240,27,"Aguacatan , Huehuetenango","Aguacatan","Huehuetenango",15.343099,-91.311698,1327,1327,16279,21960,0.846,0.348,0.859,18492,13664,0.21,"Huehuetenango // Aguacatan"
220,NA,13,241,28,"San Rafael Petzal , Huehuetenango","San Rafael Petzal","Huehuetenango",15.4167,-91.666702,1328,1328,2521,3431,0.939,0.283,0.942,2749,2105,0.165,"Huehuetenango // San Rafael Petzal"
221,NA,13,242,29,"San Gaspar Ixchil , Huehuetenango","San Gaspar Ixchil","Huehuetenango",15.383299,-91.716697,1329,1329,1862,2669,0.99,0.175,0.992,3085,2006,0.193,"Huehuetenango // San Gaspar Ixchil"
222,NA,13,243,30,"Santiago Chimaltenango , Huehuetenango","Santiago Chimaltenango","Huehuetenango",15.466699,-91.716697,1330,1330,2444,3226,0.951,0.347,0.98,3269,2394,0.154,"Huehuetenango // Santiago Chimaltenango"
223,NA,13,244,31,"Santa Ana Huista , Huehuetenango","Santa Ana Huista","Huehuetenango",15.6833,-91.816703,1331,1331,4266,5774,0.207,0.556,0.301,4755,3212,0.414,"Huehuetenango // Santa Ana Huista"
224,NA,14,245,1,"Santa Cruz del Quiche , El Quiche","Santa Cruz del Quiche","Quiche",15.030599,-91.148902,1401,1401,27547,35301,0.794,0.464,0.811,35147,27200,0.355,"Quiche // Santa Cruz del Quiche"
225,NA,14,246,2,"Chiche , El Quiche","Chiche","Quiche",15.0086,-91.065002,1402,1402,9478,12642,0.936,0.258,0.937,10974,8005,0.118,"Quiche // Chiche"
226,NA,14,247,3,"Chinique , El Quiche","Chinique","Quiche",15.044699,-91.025802,1403,1403,4287,5690,0.716,0.434,0.671,4353,3244,0.279,"Quiche // Chinique"
227,NA,14,248,4,"Zacualpa , El Quiche","Zacualpa","Quiche",15.083299,-90.833297,1404,1404,10011,13746,0.904,0.23,0.887,11958,9030,0.195,"Quiche // Zacualpa"
228,NA,14,249,5,"Chajul , El Quiche","Chajul","Quiche",15.4853,-91.034202,1405,1405,11242,15713,0.805,0.242,0.869,18092,13246,0.088,"Quiche // Chajul"
229,NA,14,250,6,"Chichicastenango , El Quiche","Santo Tomas Chichicastenango","Quiche",14.9333,-91.116699,1406,1406,42078,56615,0.975,0.331,0.977,45733,34255,0.142,"Quiche // Santo Tomas Chichicastenango"
230,NA,14,251,7,"Patzite , El Quiche","Patzite","Quiche",14.966699,-91.216697,1407,1407,1936,2644,0.995,0.405,0.991,2324,1663,0.192,"Quiche // Patzite"
231,NA,14,252,8,"San Antonio Ilotenango , El Quiche","San Antonio Ilotenango","Quiche",15.054699,-91.229698,1408,1408,6777,9010,0.976,0.195,0.984,7124,5350,0.101,"Quiche // San Antonio Ilotenango"
232,NA,14,253,9,"San Pedro Jocopilas , El Quiche","San Pedro Jocopilas","Quiche",15.0944,-91.151397,1409,1409,10741,14582,0.925,0.184,0.906,11431,8441,0.068,"Quiche // San Pedro Jocopilas"
233,NA,14,254,10,"Cunen , El Quiche","Cunen","Quiche",15.337499,-91.026901,1410,1410,9262,12732,0.86,0.288,0.85,9762,7189,0.154,"Quiche // Cunen"
234,NA,14,255,11,"San Juan Cotzal , El Quiche","San Juan Cotzal","Quiche",15.4342,-91.034202,1411,1411,8014,10944,0.946,0.157,0.924,12698,9277,0.147,"Quiche // San Juan Cotzal"
235,NA,14,256,12,"Joyabaj , El Quiche","Joyabaj","Quiche",14.9833,-90.800003,1412,1412,26120,35719,0.751,0.233,0.764,32134,24742,0.151,"Quiche // Joyabaj"
236,NA,14,257,13,"Nebaj , El Quiche","Nebaj","Quiche",15.405799,-91.146102,1413,1413,13309,18134,0.877,0.233,0.921,27259,20174,0.141,"Quiche // Nebaj"
237,NA,14,258,14,"San Andres Sajcabaja , El Quiche","San Andres Sajcabaja","Quiche",15.216699,-90.916702,1414,1414,8840,11602,0.842,0.158,0.843,9524,7448,0.081,"Quiche // San Andres Sajcabaja"
238,NA,14,259,15,"Uspantan , El Quiche","Uspantan","Quiche",15.383299,-90.833297,1415,1415,30722,42685,0.736,0.22,0.73,35000,25535,0.109,"Quiche // Uspantan"
239,NA,14,260,16,"Sacapulas , El Quiche","Sacapulas","Quiche",15.2867,-91.087196,1416,1416,15417,20744,0.944,0.299,0.936,16458,12094,0.18,"Quiche // Sacapulas"
240,NA,14,261,17,"San Bartolome Jocotenango , El Quiche","San Bartolome Jocotenango","Quiche",15.192799,-91.077201,1417,1417,3245,4360,0.961,0.063,0.97,3889,2846,0.059,"Quiche // San Bartolome Jocotenango"
241,NA,14,262,18,"Canilla , El Quiche","Canilla","Quiche",15.1667,-90.849998,1418,1418,4032,5312,0.298,0.361,0.354,4826,3645,0.208,"Quiche // Canilla"
242,NA,15,263,1,"Salama , Baja Verapaz","Salama","Baja Verapaz",15.1,-90.2667,1501,1501,17932,23414,0.228,0.562,0.245,21913,16860,0.391,"Baja Verapaz // Salama"
243,NA,15,264,2,"San Miguel Chicaj , Baja Verapaz","San Miguel Chicaj","Baja Verapaz",15.1,-90.400001,1502,1502,8082,10919,0.904,0.472,0.902,8895,6708,0.324,"Baja Verapaz // San Miguel Chicaj"
244,NA,15,265,3,"Rabinal , Baja Verapaz","Rabinal","Baja Verapaz",15.1,-90.449996,1503,1503,17277,22733,0.819,0.426,0.81,20393,15440,0.25,"Baja Verapaz // Rabinal"
245,NA,15,266,4,"Cubulco , Baja Verapaz","Cubulco","Baja Verapaz",15.133299,-90.583297,1504,1504,16598,22175,0.704,0.192,0.686,20374,15500,0.102,"Baja Verapaz // Cubulco"
246,NA,15,267,5,"Granados , Baja Verapaz","Granados","Baja Verapaz",14.9167,-90.5167,1505,1505,6409,8462,0.069,0.481,0.058,8326,6367,0.327,"Baja Verapaz // Granados"
247,NA,15,268,6,"El Chol , Baja Verapaz","Santa Cruz el Chol","Baja Verapaz",14.966699,-90.466697,1506,1506,4250,5696,0.171,0.509,0.188,5363,4031,0.414,"Baja Verapaz // Santa Cruz el Chol"
248,NA,15,269,7,"San Jeronimo , Baja Verapaz","San Jeronimo","Baja Verapaz",15.05,-90.199996,1507,1507,5496,7322,0.213,0.611,0.214,7142,5399,0.488,"Baja Verapaz // San Jeronimo"
249,NA,15,270,8,"Purulha , Baja Verapaz","Purulha","Baja Verapaz",15.266699,-90.199996,1508,1508,10783,14881,0.922,0.188,0.924,14551,10758,0.125,"Baja Verapaz // Purulha"
250,NA,16,271,1,"Coban , Alta Verapaz","Coban","Alta Verapaz",15.4833,-90.366699,1601,1601,32020,42575,0.806,0.393,0.82,43505,33547,0.246,"Alta Verapaz // Coban"
251,NA,16,272,2,"Santa Cruz Verapaz , Alta Verapaz","Santa Cruz Verapaz","Alta Verapaz",15.3667,-90.433296,1602,1602,5216,7183,0.842,0.32,0.9,5508,4119,0.219,"Alta Verapaz // Santa Cruz Verapaz"
252,NA,16,273,3,"San Cristobal Verapaz , Alta Verapaz","San Cristobal Verapaz","Alta Verapaz",15.383299,-90.400001,1603,1603,19858,25900,0.767,0.438,0.843,19340,15290,0.237,"Alta Verapaz // San Cristobal Verapaz"
253,NA,16,274,4,"Tactic , Alta Verapaz","Tactic","Alta Verapaz",15.333299,-90.300003,1604,1604,8371,11351,0.839,0.393,0.874,9369,6784,0.254,"Alta Verapaz // Tactic"
254,NA,16,275,5,"Tamahu , Alta Verapaz","Tamahu","Alta Verapaz",15.333299,-90.166702,1605,1605,4342,6042,0.947,0.236,0.945,4991,3820,0.17,"Alta Verapaz // Tamahu"
255,NA,16,276,6,"Tucuru , Alta Verapaz","Tucuru","Alta Verapaz",15.3,-90.066703,1606,1606,9455,12849,0.944,0.185,0.947,13005,9645,0.064,"Alta Verapaz // Tucuru"
256,NA,16,277,7,"Panzos , Alta Verapaz","Panzos","Alta Verapaz",15.399999,-89.666702,1607,1607,24295,33564,0.926,0.251,0.93,25261,18573,0.137,"Alta Verapaz // Panzos"
257,NA,16,278,8,"Senahu , Alta Verapaz","Senahu","Alta Verapaz",15.399999,-89.833297,1608,1608,20742,28610,0.969,0.189,0.967,25349,19225,0.09,"Alta Verapaz // Senahu"
258,NA,16,279,9,"San Pedro Carcha , Alta Verapaz","San Pedro Carcha","Alta Verapaz",15.4833,-90.2667,1609,1609,40024,53759,0.945,0.211,0.956,57487,43753,0.085,"Alta Verapaz // San Pedro Carcha"
259,NA,16,280,10,"San Juan Chamelco , Alta Verapaz","San Juan Chamelco","Alta Verapaz",15.4333,-90.333297,1610,1610,14207,19256,0.973,0.318,0.965,17529,13613,0.126,"Alta Verapaz // San Juan Chamelco"
260,NA,16,281,11,"Lanquin , Alta Verapaz","Lanquin","Alta Verapaz",15.566699,-89.966697,1611,1611,5930,8223,0.963,0.291,0.953,8003,5864,0.079,"Alta Verapaz // Lanquin"
261,NA,16,282,12,"Cahabon , Alta Verapaz","Santa Maria Cahabon","Alta Verapaz",15.566699,-89.816703,1612,1612,34143,48408,0.897,0.207,0.891,36910,27216,0.115,"Alta Verapaz // Santa Maria Cahabon"
262,NA,16,283,13,"Chisec , Alta Verapaz","Chisec","Alta Verapaz",15.816699,-90.283302,1613,1613,12588,17682,0.835,0.179,0.88,8728,6102,0.091,"Alta Verapaz // Chisec"
263,NA,16,284,14,"Chahal , Alta Verapaz","Chahal","Alta Verapaz",15.75,-89.566703,1614,1614,4782,6606,0.901,0.175,0.945,5539,4095,0.066,"Alta Verapaz // Chahal"
264,NA,17,285,1,"Flores , El Peten","Flores","Peten",16.9333,-89.8833,1701,1701,10147,13370,0.123,0.734,0.115,8774,6680,0.599,"Peten // Flores"
265,NA,17,286,2,"San Jose , El Peten","San Jose","Peten",16.983299,-89.900001,1702,1702,1084,1539,0.114,0.637,0.012,567,480,0.806,"Peten // San Jose"
266,NA,17,287,3,"San Benito , El Peten","San Benito","Peten",16.9167,-89.900001,1703,1703,6782,8842,0.086,0.776,0.071,4682,3794,0.89,"Peten // San Benito"
267,NA,17,288,4,"San Andres , El Peten","San Andres","Peten",16.966699,-89.916702,1704,1704,3443,4619,0.121,0.659,0.076,2372,1782,0.661,"Peten // San Andres"
268,NA,17,289,5,"La Libertad , El Peten","La Libertad","Peten",16.7833,-90.116699,1705,1705,10309,14219,0.114,0.559,0.13,3576,2799,0.482,"Peten // La Libertad"
269,NA,17,290,6,"San Francisco , El Peten","San Francisco","Peten",16.799999,-89.933296,1706,1706,1801,2342,0.032,0.805,0.026,1658,1248,0.811,"Peten // San Francisco"
270,NA,17,291,7,"Santa Ana , El Peten","Santa Ana","Peten",16.799999,-89.833297,1707,1707,4017,5673,0.113,0.455,0.108,1276,858,0.435,"Peten // Santa Ana"
271,NA,17,292,8,"Dolores , El Peten","Dolores","Peten",16.5142,-89.415802,1708,1708,16279,22869,0.056,0.51,0.1,6563,4735,0.441,"Peten // Dolores"
272,NA,17,293,9,"San Luis , El Peten","San Luis","Peten",16.1989,-89.440299,1709,1709,16758,23617,0.659,0.293,0.632,15468,11057,0.171,"Peten // San Luis"
273,NA,17,294,10,"Sayaxche , El Peten","Sayaxche","Peten",16.5167,-90.166702,1710,1710,8320,11766,0.334,0.495,0.366,5001,3358,0.368,"Peten // Sayaxche"
274,NA,17,295,11,"Ciudad Melchor de Mencos , El Peten","Melchor de Mencos","Peten",17.068599,-89.152198,1711,1711,6824,9335,0.047,0.605,0.039,4693,3262,0.61,"Peten // Melchor de Mencos"
275,NA,17,296,12,"Poptun , El Peten","Poptun","Peten",16.3311,-89.4169,1712,1712,10390,13736,0.224,0.685,0.256,9484,7496,0.557,"Peten // Poptun"
276,NA,18,297,1,"Puerto Barrios , Izabal","Puerto Barrios","Izabal",15.716699,-88.599998,1801,1801,36512,46882,0.065,0.738,0.043,38903,30646,0.647,"Izabal // Puerto Barrios"
277,NA,18,298,2,"Livingston , Izabal","Livingston","Izabal",15.833299,-88.75,1802,1802,20258,27548,0.444,0.387,0.496,18701,13802,0.299,"Izabal // Livingston"
278,NA,18,299,3,"El Estor , Izabal","El Estor","Izabal",15.5333,-89.349998,1803,1803,16723,23513,0.797,0.364,0.861,14000,9993,0.099,"Izabal // El Estor"
279,NA,18,300,4,"Morales , Izabal","Morales","Izabal",15.4833,-88.816703,1804,1804,38802,51519,0.117,0.601,0.074,52677,39084,0.486,"Izabal // Morales"
280,NA,18,301,5,"Los Amates , Izabal","Los Amates","Izabal",15.266699,-89.099998,1805,1805,32933,45156,0.091,0.522,0.109,45537,34146,0.35,"Izabal // Los Amates"
281,NA,19,302,1,"Zacapa , Zacapa","Zacapa","Zacapa",14.966699,-89.533302,1901,1901,26813,33693,0.014,0.634,0.029,34703,27657,0.499,"Zacapa // Zacapa"
282,NA,19,303,2,"Estanzuela , Zacapa","Estanzuela","Zacapa",15,-89.566703,1902,1902,4348,5379,0.011,0.736,0.012,4417,3495,0.628,"Zacapa // Estanzuela"
283,NA,19,304,3,"Rio Hondo , Zacapa","Rio Hondo","Zacapa",15.066699,-89.583297,1903,1903,8247,10429,0.01,0.635,0.024,9637,7822,0.531,"Zacapa // Rio Hondo"
284,NA,19,305,4,"Gualan , Zacapa","Gualan","Zacapa",15.133299,-89.366699,1904,1904,19594,25906,0.01,0.58,0.008,23375,17409,0.437,"Zacapa // Gualan"
285,NA,19,306,5,"Teculutan , Zacapa","Teculutan","Zacapa",14.9833,-89.716697,1905,1905,5535,7161,0.034,0.633,0.001,5933,4317,0.528,"Zacapa // Teculutan"
286,NA,19,307,6,"Usumatlan , Zacapa","Usumatlan","Zacapa",14.949999,-89.783302,1906,1906,3406,4508,0.005,0.685,0.001,3761,3035,0.563,"Zacapa // Usumatlan"
287,NA,19,308,7,"Cabanas , Zacapa","Cabanas","Zacapa",14.9333,-89.800003,1907,1907,5179,6885,0.019,0.61,0.012,5817,4366,0.445,"Zacapa // Cabanas"
288,NA,19,309,8,"San Diego , Zacapa","San Diego","Zacapa",14.7833,-89.783302,1908,1908,3262,4351,0.257,0.605,0.171,3459,2559,0.469,"Zacapa // San Diego"
289,NA,19,310,9,"La Union , Zacapa","La Union","Zacapa",14.966699,-89.283302,1909,1909,9229,12586,0.006,0.451,0.004,10696,8016,0.309,"Zacapa // La Union"
290,NA,19,311,10,"Huite , Zacapa","Huite","Zacapa",14.9333,-89.716697,1910,1910,3603,4814,0.111,0.502,0.001,3941,3075,0.48,"Zacapa // Huite"
291,NA,20,312,1,"Chiquimula , Chiquimula","Chiquimula","Chiquimula",14.8,-89.550003,2001,2001,33466,42571,0.148,0.593,0.313,38872,30968,0.465,"Chiquimula // Chiquimula"
292,NA,20,313,2,"San Jose La Arada , Chiquimula","San Jose la Arada","Chiquimula",14.716699,-89.583297,2002,2002,4080,5389,0.031,0.551,0.001,5172,4090,0.502,"Chiquimula // San Jose la Arada"
293,NA,20,314,3,"San Juan Ermita , Chiquimula","San Juan Ermita","Chiquimula",14.766699,-89.433296,2003,2003,5109,6801,0.542,0.263,0.425,6013,4459,0.218,"Chiquimula // San Juan Ermita"
294,NA,20,315,4,"Jocotan , Chiquimula","Jocotan","Chiquimula",14.816699,-89.3833,2004,2004,16386,21506,0.909,0.197,0.905,22054,16883,0.144,"Chiquimula // Jocotan"
295,NA,20,316,5,"Camotan , Chiquimula","Camotan","Chiquimula",14.816699,-89.366699,2005,2005,14288,19550,0.397,0.269,0.769,17129,12813,0.17,"Chiquimula // Camotan"
296,NA,20,317,6,"Olopa , Chiquimula","Olopa","Chiquimula",14.6833,-89.349998,2006,2006,6266,8392,0.841,0.283,0.76,8258,6006,0.226,"Chiquimula // Olopa"
297,NA,20,318,7,"Esquipulas , Chiquimula","Esquipulas","Chiquimula",14.566699,-89.349998,2007,2007,14611,18994,0.071,0.592,0.032,19304,14937,0.407,"Chiquimula // Esquipulas"
298,NA,20,319,8,"Concepcion Las Minas , Chiquimula","Concepcion Las Minas","Chiquimula",14.516699,-89.449996,2008,2008,6652,8749,0.042,0.615,0.003,7899,5993,0.46,"Chiquimula // Concepcion Las Minas"
299,NA,20,320,9,"Quezaltepeque , Chiquimula","Quetzaltepeque","Chiquimula",14.633299,-89.449996,2009,2009,12244,16061,0.592,0.47,0.202,14505,10871,0.312,"Chiquimula // Quetzaltepeque"
300,NA,20,321,10,"San Jacinto , Chiquimula","San Jacinto","Chiquimula",14.6667,-89.5,2010,2010,4675,6140,0.617,0.383,0.006,5851,4400,0.256,"Chiquimula // San Jacinto"
301,NA,20,322,11,"Ipala , Chiquimula","Ipala","Chiquimula",14.6167,-89.616699,2011,2011,11328,14710,0.024,0.584,0.038,13120,10120,0.391,"Chiquimula // Ipala"
302,NA,21,323,1,"Jalapa , Jalapa","Jalapa","Jalapa",14.633299,-89.983299,2101,2101,41032,55093,0.148,0.527,0.406,45425,34665,0.417,"Jalapa // Jalapa"
303,NA,21,324,2,"San Pedro Pinula , Jalapa","San Pedro Pinula","Jalapa",14.6667,-89.849998,2102,2102,19271,26044,0.863,0.309,0.667,23846,17402,0.238,"Jalapa // San Pedro Pinula"
304,NA,21,325,3,"San Luis Jilotepeque , Jalapa","San Luis Jilotepeque","Jalapa",14.649999,-89.733299,2103,2103,9687,12660,0.658,0.457,0.614,12396,9468,0.278,"Jalapa // San Luis Jilotepeque"
305,NA,21,326,4,"San Manuel Chaparron , Jalapa","San Manuel Chaparron","Jalapa",14.516699,-89.7667,2104,2104,3922,5167,0.165,0.612,0.175,4951,3575,0.559,"Jalapa // San Manuel Chaparron"
306,NA,21,327,5,"San Carlos Alzatate , Jalapa","San Carlos Alzatate","Jalapa",14.5,-90.050003,2105,2105,3963,5546,0.777,0.567,0.723,4480,3190,0.473,"Jalapa // San Carlos Alzatate"
307,NA,21,328,6,"Monjas , Jalapa","Monjas","Jalapa",14.5,-89.866699,2106,2106,10094,13339,0.098,0.565,0.165,10831,8299,0.496,"Jalapa // Monjas"
308,NA,21,329,7,"Mataquescuintla , Jalapa","Mataquescuintla","Jalapa",14.5333,-90.183296,2107,2107,13702,18242,0.006,0.498,0.043,16145,11793,0.381,"Jalapa // Mataquescuintla"
309,NA,22,330,1,"Jutiapa , Jutiapa","Jutiapa","Jutiapa",14.2833,-89.900001,2201,2201,44282,58701,0.142,0.547,0.151,54680,41654,0.435,"Jutiapa // Jutiapa"
310,NA,22,331,2,"El Progreso , Jutiapa","El Progreso","Jutiapa",14.35,-89.849998,2202,2202,9803,12761,0.054,0.682,0.017,11325,8610,0.505,"Jutiapa // El Progreso"
311,NA,22,332,3,"Santa Catarina Mita , Jutiapa","Santa Catarina Mita","Jutiapa",14.449999,-89.75,2203,2203,12603,16514,0.015,0.632,0.032,15818,12174,0.498,"Jutiapa // Santa Catarina Mita"
312,NA,22,333,4,"Agua Blanca , Jutiapa","Agua Blanca","Jutiapa",14.5,-89.650001,2204,2204,9236,12007,0.008,0.623,0.002,12126,9168,0.397,"Jutiapa // Agua Blanca"
313,NA,22,334,5,"Asuncion Mita , Jutiapa","Asuncion Mita","Jutiapa",14.3308,-89.7108,2205,2205,23082,30130,0.015,0.61,0.029,29071,22490,0.499,"Jutiapa // Asuncion Mita"
314,NA,22,335,6,"Yupiltepeque , Jutiapa","Yupiltepeque","Jutiapa",14.199999,-89.783302,2206,2206,6300,8564,0.305,0.504,0.11,7273,5432,0.428,"Jutiapa // Yupiltepeque"
315,NA,22,336,7,"Atescatempa , Jutiapa","Atescatempa","Jutiapa",14.1744,-89.7425,2207,2207,9109,11759,0.009,0.589,0.007,10232,7501,0.427,"Jutiapa // Atescatempa"
316,NA,22,337,8,"Jerez , Jutiapa","Jerez","Jutiapa",14.1,-89.75,2208,2208,3278,4284,0.006,0.671,0.001,3448,2563,0.565,"Jutiapa // Jerez"
317,NA,22,338,9,"El Adelanto , Jutiapa","El Adelanto","Jutiapa",14.1667,-89.833297,2209,2209,3137,4214,0.004,0.514,0,3867,2702,0.348,"Jutiapa // El Adelanto"
318,NA,22,339,10,"Zapotitlan , Jutiapa","Zapotitlan","Jutiapa",14.133299,-89.833297,2210,2210,4138,5552,0.018,0.531,0.004,4982,3644,0.415,"Jutiapa // Zapotitlan"
319,NA,22,340,11,"Comapa , Jutiapa","Comapa","Jutiapa",14.1167,-89.916702,2211,2211,10225,13868,0.227,0.404,0.001,12494,9225,0.28,"Jutiapa // Comapa"
320,NA,22,341,12,"Jalpatagua , Jutiapa","Jalpatagua","Jutiapa",14.133299,-90.0167,2212,2212,10489,13892,0.009,0.566,0.035,13449,9782,0.407,"Jutiapa // Jalpatagua"
321,NA,22,342,13,"Conguaco , Jutiapa","Conguaco","Jutiapa",14.05,-90.033302,2213,2213,7465,10299,0.297,0.512,0.124,8577,6199,0.372,"Jutiapa // Conguaco"
322,NA,22,343,14,"Moyuta , Jutiapa","Moyuta","Jutiapa",14.0333,-90.083297,2214,2214,17248,23289,0.047,0.548,0.051,23618,17374,0.425,"Jutiapa // Moyuta"
323,NA,22,344,15,"Pasaco , Jutiapa","Pasaco","Jutiapa",13.977199,-90.206398,2215,2215,4600,6095,0.013,0.532,0.002,6170,4687,0.419,"Jutiapa // Pasaco"
324,NA,22,345,16,"San Jose Acatempa , Jutiapa","San Jose Acatempa","Jutiapa",14.25,-90.1333,2216,2216,5884,7858,0.007,0.444,0.007,6893,5279,0.337,"Jutiapa // San Jose Acatempa"
325,NA,22,346,17,"Quesada , Jutiapa","Quesada","Jutiapa",14.266699,-90.050003,2217,2217,8444,11281,0.013,0.564,0.001,9209,6956,0.455,"Jutiapa // Quesada"
